area_code,area_name,census_geography,all_residents,area_ha,density,centroid_x,centroid_y
W06000014,Vale of Glamorgan,la,126336,33095.28,3.8,302625.71221693687,173083.2783448837
W06000015,Cardiff,la,346090,14038.2,24.7,316407.00000592414,174926.57615038028
W06000022,Newport,la,145736,19051.6,7.6,333356.79405248025,186752.70034474696
W06000016,Rhondda Cynon Taf,la,234410,42412.97,5.5,302236.23722295207,197166.84563830242
W06000018,Caerphilly,la,178806,27745.02,6.4,317244.1408230999,197757.03416726863
W02000423,Cardiff 049,msoa,8228,182.58,45.1,318618.12511961395,174962.34705778724
W02000401,Cardiff 035,msoa,5947,89.44,66.5,315454.1615837222,176941.41802861867
W02000406,Cardiff 040,msoa,8357,218.95,38.2,315929.2272543325,175957.24295692833
W02000378,Cardiff 012,msoa,7384,166.92,44.2,316013.34715396364,180885.61441988277
W02000240,The Vale of Glamorgan 004,msoa,8714,336.78,25.9,317029.40585623286,172438.11839127637
W02000400,Cardiff 034,msoa,6531,190.08,34.4,316724.13716677355,177369.28883387134
W02000310,Caerphilly 021,msoa,5455,3269.61,1.7,320260.5282645477,187209.2980906947
W02000386,Cardiff 020,msoa,7748,174.37,44.4,315542.1435410684,180054.16599766392
W02000387,Cardiff 021,msoa,5962,108.68,54.9,316534.8233989328,179882.69938471977
W02000384,Cardiff 018,msoa,5753,197.69,29.1,317550.9609321383,179967.79436724854
W02000385,Cardiff 019,msoa,6818,199.18,34.2,318931.73089975474,179967.89790040077
W02000383,Cardiff 017,msoa,7219,124.08,58.2,320028.80355946417,180077.89351950734
W02000367,Cardiff 001,msoa,6068,863.53,7,318112.1535024042,183540.9266083678
W02000370,Cardiff 004,msoa,6509,508.05,12.8,315466.19002279395,182819.66194350368
W02000382,Cardiff 016,msoa,5738,122.91,46.7,322749.2920302189,180021.5445260411
W02000379,Cardiff 013,msoa,6270,108.14,58,323625.40885052015,180923.73970999802
W02000239,The Vale of Glamorgan 003,msoa,6679,10819.29,0.6,307395.09128592815,172945.20075659265
W02000277,Rhondda Cynon Taf 026,msoa,7000,1135.74,6.2,311566.88545201515,185662.7045601383
W02000404,Cardiff 038,msoa,6048,174.21,34.7,320137.30289849057,176413.19151841872
W02000403,Cardiff 037,msoa,7213,314.21,23,321271.4848485954,176861.40012527682
W02000388,Cardiff 022,msoa,5888,269.47,21.9,321965.14948186494,178662.45996821942
W02000375,Cardiff 009,msoa,7062,211.83,33.3,320579.61476656364,180624.39380982492
W02000381,Cardiff 015,msoa,6271,210.45,29.8,321687.65765538416,180215.05874170273
W02000410,Cardiff 044,msoa,8423,74.66,112.8,317772.248829523,175402.7775575231
W02000408,Cardiff 042,msoa,7240,68.5,105.7,317299.1560895332,176286.47525633706
W02000398,Cardiff 032,msoa,11199,235.97,47.5,317959.0454378823,176979.98436992243
W02000394,Cardiff 028,msoa,8922,98.44,90.6,317951.72353768157,178375.20505895797
W02000373,Cardiff 007,msoa,6541,145.72,44.9,322588.40423120663,181375.121819115
W02000376,Cardiff 010,msoa,6780,658.27,10.3,313880.2201269126,182058.28384689707
W02000368,Cardiff 002,msoa,5946,128.56,46.3,317055.78963273147,182947.95795937997
W02000369,Cardiff 003,msoa,7968,805.04,9.9,321946.49976866436,183085.80415493637
W02000399,Cardiff 033,msoa,10087,92.16,109.5,319276.1774547001,177295.50443569018
W02000402,Cardiff 036,msoa,10371,106.68,97.2,319762.9575245634,176950.699963194
W02000396,Cardiff 030,msoa,8079,70.73,114.2,318867.44077411183,178257.26712803706
W02000395,Cardiff 029,msoa,6322,161.35,39.2,320227.0097875482,178355.99962600775
W02000390,Cardiff 024,msoa,6335,173.64,36.5,319795.8285386419,178955.58785246368
W02000374,Cardiff 008,msoa,5683,204.36,27.8,319229.36908083636,181349.99125136307
W02000412,Cardiff 046,msoa,6816,186.14,36.6,317410.07679263654,174997.84924464396
W02000422,Cardiff 048,msoa,6043,498.39,12.1,319494.12760848907,170171.27437436898
W02000391,Cardiff 025,msoa,8790,126.98,69.2,317053.523163438,178608.11445396586
W02000371,Cardiff 005,msoa,9110,274.12,33.2,317748.78187170904,181776.48083822106
W02000392,Cardiff 026,msoa,8997,255.42,35.2,314848.42851463234,178393.50785419712
W02000393,Cardiff 027,msoa,6342,156.03,40.6,313524.564148278,178341.46818095483
W02000397,Cardiff 031,msoa,6639,150.09,44.2,313843.8804615948,177536.20537766753
W02000405,Cardiff 039,msoa,7507,125.45,59.8,313246.7454842016,176588.02629035947
W02000407,Cardiff 041,msoa,6406,180.87,35.4,314486.2806574489,176231.06466606655
W02000242,The Vale of Glamorgan 006,msoa,7799,1959.82,4,314669.93862747983,172267.6511891968
W02000389,Cardiff 023,msoa,8344,199,41.9,315420.8362349494,179063.82508542857
W02000372,Cardiff 006,msoa,7613,695.38,10.9,312376.4501658448,181867.14267800216
W02000380,Cardiff 014,msoa,7108,2659.68,2.7,310168.7783747446,180058.52360947695
W02000409,Cardiff 043,msoa,5886,153.48,38.4,312298.2939946976,175499.46115497436
W02000411,Cardiff 045,msoa,6454,151.09,42.7,312929.362842845,175344.27200916177
W02000366,Newport 020,msoa,8167,4701,1.7,326833.09589914547,184132.50562584517
W02000377,Cardiff 011,msoa,7125,767.23,9.3,324086.03961420053,179997.14018928944
W01001945,Cardiff 048D,lsoa,1303,32.29,40.4,317985.240791411,173170.06166257316
W01001762,Cardiff 046D,lsoa,1745,16.42,106.3,317847.6588320238,174330.72231915547
W01001761,Cardiff 046C,lsoa,1790,15.51,115.4,317770.376610388,174807.87490715488
W01001760,Cardiff 046B,lsoa,1693,19.8,85.5,318271.7779509862,174597.32094699456
W01001768,Cardiff 044E,lsoa,1691,9.85,171.7,317795.73532268766,175114.46946316413
W01001765,Cardiff 044B,lsoa,1418,12.24,115.8,318034.9700517446,175236.83380225793
W01001944,Cardiff 048C,lsoa,1027,18.23,56.3,319172.73353598046,175360.28469841514
W01001941,Cardiff 032G,lsoa,1099,25.41,43.3,318370.0264991199,176122.04859170687
W01001922,Cardiff 032E,lsoa,1976,12.53,157.7,318441.67343972024,177174.89746943806
W01001835,Cardiff 033F,lsoa,1622,26.21,61.9,319163.1064928849,176989.70806852786
W01001722,Cardiff 028D,lsoa,1571,8.91,176.3,317994.5730386287,177950.67752156605
W01001832,Cardiff 033C,lsoa,1787,12.94,138.1,318822.75299932214,177364.13178028178
W01001829,Cardiff 033A,lsoa,1807,13.39,135,318952.3067351652,177576.1399080316
W01001720,Cardiff 028C,lsoa,1892,13.36,141.6,318311.6762975676,177957.33048299738
W01001718,Cardiff 028A,lsoa,1680,10.54,159.4,318292.06895463704,178205.4464774337
W01001726,Cardiff 028E,lsoa,1715,43.31,39.6,317987.79620204493,178643.3277225744
W01001732,Cardiff 019A,lsoa,1591,44.44,35.8,318582.2438484572,180596.2325995843
W01001863,Cardiff 022A,lsoa,1564,42.76,36.6,322043.57605008455,178872.9684212532
W01001864,Cardiff 022B,lsoa,1505,28.45,52.9,321492.14911038417,179362.10779155957
W01001816,Cardiff 009B,lsoa,2625,52.7,49.8,320919.38247148704,181428.06049558803
W01001951,Cardiff 049E,lsoa,1016,38.12,26.7,319130.1531423386,175914.43031953776
W01001952,Cardiff 049F,lsoa,1238,55.73,22.2,318418.24622610374,175452.54005560747
W01001711,Cardiff 040C,lsoa,1632,110.27,14.8,316203.69648416643,175555.5168494717
W01001716,Cardiff 035C,lsoa,1274,22.62,56.3,314968.5154869864,177004.39911161043
W01001709,Cardiff 040A,lsoa,1898,61.38,30.9,315587.4100512841,176385.62841007166
W01001714,Cardiff 035A,lsoa,1522,32.67,46.6,315450.4520412459,176941.41832862524
W01001782,Cardiff 026D,lsoa,1437,31.7,45.3,315011.87099834334,177563.36343797957
W01001781,Cardiff 026C,lsoa,1736,67.46,25.7,315697.5290266145,177869.63622136708
W01001786,Cardiff 023B,lsoa,1555,44.62,34.8,315211.3505782571,178771.97737299945
W01001785,Cardiff 023A,lsoa,1183,22.02,53.7,315711.8426125762,179035.13922929703
W01001889,Cardiff 020B,lsoa,1546,40.22,38.4,315846.33175113495,180024.07937946572
W01001852,Cardiff 004B,lsoa,1817,339.91,5.3,315557.37112023454,183003.6531699536
W01001104,The Vale of Glamorgan 004E,lsoa,1977,161.76,12.2,316707.5554207408,173032.5119750009
W01001710,Cardiff 040B,lsoa,1597,15.76,101.3,316102.42249586864,176511.7835085576
W01001717,Cardiff 035D,lsoa,1580,13.56,116.5,315852.5780742257,176971.18944461693
W01001712,Cardiff 040D,lsoa,1506,17.3,87.1,316361.20647613064,176748.51056765593
W01001715,Cardiff 035B,lsoa,1571,20.59,76.3,316012.94367676566,177112.17626137784
W01001858,Cardiff 034A,lsoa,1694,119.51,14.2,316582.9060015113,177629.86517420766
W01001788,Cardiff 023D,lsoa,1431,28.66,49.9,316065.8039755076,178574.56730447107
W01001787,Cardiff 023C,lsoa,1461,30.98,47.2,316404.2883713633,178983.53799257995
W01001658,Newport 020D,lsoa,1885,365.14,5.2,326533.4556828396,182260.35567539692
W01001808,Cardiff 007C,lsoa,1634,33.22,49.2,321972.16743152123,181453.1882794492
W01001241,Rhondda Cynon Taf 026D,lsoa,1727,127.15,13.6,312724.9213323827,183568.6413201884
W01001798,Cardiff 002D,lsoa,1481,29.22,50.7,316732.80973315146,182576.8974918238
W01001851,Cardiff 012D,lsoa,1482,57.62,25.7,315557.6746175932,181025.6780495372
W01001854,Cardiff 004D,lsoa,1572,32.03,49.1,316109.80670907727,181807.84630464492
W01001887,Cardiff 020A,lsoa,1573,41.86,37.6,314977.8282943473,180017.57332257813
W01001888,Cardiff 010A,lsoa,1686,60.01,28.1,314135.600253507,180195.4149934938
W01001890,Cardiff 021D,lsoa,1610,24.6,65.4,316483.66176333436,179638.56904295104
W01001891,Cardiff 020C,lsoa,1659,34.05,48.7,315410.9817886886,179715.59161292328
W01001892,Cardiff 020D,lsoa,1437,26.99,53.2,316107.24095778906,179415.75095764425
W01001893,Cardiff 010B,lsoa,1871,428.85,4.4,313783.2225323797,182961.56831210348
W01001948,Cardiff 006E,lsoa,1618,229.51,7,312756.6307454484,180156.8968415484
W01001953,Cardiff 005G,lsoa,1499,45.41,33,316858.6410710665,181727.40124843208
W01001773,Cardiff 012A,lsoa,2524,33.11,76.2,316652.56745037227,180444.1868416113
W01001776,Cardiff 021C,lsoa,1347,30.04,44.8,317117.4798952975,179486.9645164268
W01001949,Cardiff 005F,lsoa,1281,12.96,98.8,316895.9772853537,181213.63481104947
W01001770,Cardiff 018B,lsoa,1107,98.78,11.2,317842.7818681769,179648.87513925027
W01001772,Cardiff 021A,lsoa,1413,29.26,48.3,316152.2808048271,180194.86721146267
W01001789,Cardiff 023E,lsoa,1527,48.96,31.2,314522.84070591454,179376.87057134602
W01001792,Cardiff 005B,lsoa,1701,45.73,37.2,317586.08927225583,181060.5024423225
W01001794,Cardiff 001C,lsoa,1420,29.42,48.3,317712.5339723969,183125.13116749187
W01001795,Cardiff 002B,lsoa,1547,44.69,34.6,316892.93875464424,183112.1987646707
W01001796,Cardiff 002C,lsoa,1491,30.09,49.6,317209.97601355927,182840.9703306879
W01001797,Cardiff 005C,lsoa,1439,39.93,36,317582.2117757669,182370.85211540625
W01001809,Cardiff 017A,lsoa,1309,18.74,69.9,319681.907778889,180326.85262021105
W01001810,Cardiff 017B,lsoa,1678,27.76,60.4,320191.3922935975,180489.89836612207
W01001813,Cardiff 017D,lsoa,1519,31.32,48.5,320072.321371389,180013.54439909806
W01001814,Cardiff 017E,lsoa,1421,26.55,53.5,320046.6103454035,179549.89615646677
W01001815,Cardiff 008D,lsoa,1353,31.89,42.4,320011.4578494053,181584.97682839242
W01001819,Cardiff 014D,lsoa,2287,901.94,2.5,309961.1694630933,182346.64748400394
W01001820,Cardiff 006A,lsoa,1196,228.47,5.2,311693.2517174133,183218.34034321114
W01001896,Cardiff 020E,lsoa,1533,31.25,49.1,315249.6479761583,180480.3603847506
W01001840,Cardiff 007D,lsoa,1752,51.16,34.2,323119.8482272534,181509.22298488198
W01001802,Cardiff 007A,lsoa,1588,36.87,43.1,322574.5956320743,181168.9613219585
W01001879,Cardiff 013A,lsoa,1904,44.72,42.6,323637.80557883694,180858.03620307395
W01001880,Cardiff 013B,lsoa,1554,20.71,75,324169.1784868598,180957.53225814574
W01001113,The Vale of Glamorgan 003A,lsoa,2289,4390.71,0.5,306236.8773483947,177117.80209097796
W01001135,The Vale of Glamorgan 003C,lsoa,1494,2918.02,0.5,309437.28714040015,172288.8320071897
W01001240,Rhondda Cynon Taf 026C,lsoa,1945,545.14,3.6,312664.80712559214,184979.70168993747
W01001872,Cardiff 038B,lsoa,1525,14.04,108.6,320101.256454791,176637.50851963987
W01001874,Cardiff 038D,lsoa,1429,111.52,12.8,320137.30289849115,175822.17738833692
W01001694,Cardiff 036A,lsoa,1961,17.57,111.6,319770.33786633017,176939.30945680017
W01001870,Cardiff 037A,lsoa,1377,24.36,56.5,320570.6143402268,176863.15638893892
W01001698,Cardiff 036E,lsoa,1968,18.01,109.3,319933.1675215942,177301.0443730184
W01001871,Cardiff 037B,lsoa,1594,49.27,32.4,321103.75706321304,176870.4021991125
W01001869,Cardiff 038A,lsoa,1395,17.63,79.1,320390.2191841855,177262.7097622887
W01001697,Cardiff 036D,lsoa,1646,17.93,91.8,320347.99810449546,177368.79813788252
W01001825,Cardiff 029D,lsoa,1775,65.1,27.3,320471.2572158646,178077.523180278
W01001875,Cardiff 037C,lsoa,2695,217.07,12.4,321300.4592102816,176861.40127526995
W01001828,Cardiff 024D,lsoa,1535,59.68,25.7,320299.15894635057,178900.51173020474
W01001868,Cardiff 022D,lsoa,1498,28.95,51.7,322010.5197306038,179549.00423104814
W01001883,Cardiff 016C,lsoa,1600,24.02,66.6,323115.9145795123,180503.62492457664
W01001884,Cardiff 013D,lsoa,1374,17.8,77.2,323797.3879479243,180700.30339931662
W01001841,Cardiff 003A,lsoa,2025,126.19,16,320329.08775458595,182754.37346167152
W01001882,Cardiff 011C,lsoa,1824,194.95,9.4,324870.43581255013,180976.1092935418
W01001843,Cardiff 003C,lsoa,2167,324.54,6.7,322733.18905566714,182591.84120133283
W01001842,Cardiff 003B,lsoa,1748,310.61,5.6,321240.7082033047,183433.37667911957
W01001803,Cardiff 015A,lsoa,1573,28.92,54.4,322211.1570869292,180247.56574680016
W01001805,Cardiff 015C,lsoa,1490,53.79,27.7,321596.4101043559,180453.91432741637
W01001811,Cardiff 009A,lsoa,1503,115.65,13,320892.52513633046,180477.00077959005
W01001823,Cardiff 029B,lsoa,1334,17.22,77.5,319687.90128276823,178108.21388617714
W01001865,Cardiff 022C,lsoa,1321,169.31,7.8,321965.15128197754,178202.9104247234
W01001876,Cardiff 037D,lsoa,1547,23.51,65.8,320812.29467152053,177348.12850156237
W01001799,Cardiff 001D,lsoa,1279,63.55,20.1,318474.7023998587,182283.07708122753
W01001844,Cardiff 003D,lsoa,2028,43.7,46.4,320785.69507312286,182065.03534313262
W01001783,Cardiff 026E,lsoa,1268,29.44,43.1,313850.8666340961,179335.12842716696
W01001790,Cardiff 023F,lsoa,1187,23.76,50,315265.0054912311,179229.61493339727
W01001757,Cardiff 025C,lsoa,1493,18.29,81.6,317275.0227764844,178985.37149432627
W01001774,Cardiff 018D,lsoa,1399,23.15,60.4,317099.3418083176,179966.96331610254
W01001733,Cardiff 019B,lsoa,2077,49.63,41.8,319266.44970719743,179964.98609239905
W01001812,Cardiff 017C,lsoa,1292,19.71,65.6,319881.2394315599,180234.27738073564
W01001806,Cardiff 015D,lsoa,1642,94.61,17.4,321317.65130765154,179803.20573472613
W01001867,Cardiff 016B,lsoa,1429,33.35,42.8,322497.6754532895,179611.50930539166
W01001895,Cardiff 010D,lsoa,1634,136.03,12,314073.8891558276,180705.13773265426
W01001848,Cardiff 012B,lsoa,1447,28.59,50.6,316282.2242649768,180968.9091454483
W01001769,Cardiff 018A,lsoa,1602,35.4,45.3,317717.7562848745,180513.37820103212
W01001731,Cardiff 008B,lsoa,1446,49.7,29.1,318638.2345261434,181084.84642271526
W01001736,Cardiff 008C,lsoa,1395,48.84,28.6,319343.6434955176,181610.99103171675
W01001946,Cardiff 049C,lsoa,1339,22.92,58.4,317923.7678766262,174071.87499002845
W01001767,Cardiff 044D,lsoa,1658,16.25,102,317501.3183257516,175247.02123918198
W01001766,Cardiff 044C,lsoa,1663,12.69,131,317493.494488932,175556.80659604576
W01001764,Cardiff 044A,lsoa,1993,23.63,84.3,317582.16521547025,175608.81513239193
W01001855,Cardiff 042A,lsoa,1799,12.82,140.3,317192.6824188151,176163.8731885365
W01001857,Cardiff 042C,lsoa,1856,22.81,81.4,317086.3042044775,176298.3240899503
W01001856,Cardiff 042B,lsoa,1852,14.69,126.1,317643.1085447294,176156.11702926556
W01001862,Cardiff 042D,lsoa,1733,18.18,95.3,317497.8520257142,176378.67708085806
W01001721,Cardiff 032A,lsoa,2906,30.86,94.2,317751.8346860609,177680.40022308216
W01001719,Cardiff 028B,lsoa,2064,22.32,92.5,317707.5465713019,178062.46691481525
W01001939,Cardiff 032F,lsoa,1020,146.37,7,317959.04553788126,176992.19724434696
W01001755,Cardiff 025A,lsoa,1432,20.93,68.4,317455.84062947636,178602.61523126415
W01001758,Cardiff 025D,lsoa,2056,21.54,95.5,317672.3119235572,178795.10386031188
W01001771,Cardiff 018C,lsoa,1645,40.36,40.8,317163.0500403451,180498.7621005363
W01001793,Cardiff 002A,lsoa,1427,24.56,58.1,317204.3921053238,183268.24817401677
W01001657,Newport 020C,lsoa,1465,881.84,1.7,324419.52194464067,183719.67563788543
W01001804,Cardiff 015B,lsoa,1566,33.13,47.3,321906.340127758,181006.294551031
W01001881,Cardiff 013C,lsoa,1438,24.91,57.7,323170.7502957466,181225.0387263099
W01001877,Cardiff 011A,lsoa,1710,56.18,30.4,324244.8131614613,181793.53931799452
W01001850,Cardiff 012C,lsoa,1931,47.6,40.6,316035.1582275457,181230.596810674
W01001853,Cardiff 004C,lsoa,1562,38.41,40.7,316279.8461891827,181969.2150797473
W01001777,Cardiff 001A,lsoa,1496,338.95,4.4,319337.92751694005,183640.3645755297
W01001791,Cardiff 005A,lsoa,1625,92.08,17.6,318102.51964988816,181632.0540125292
W01001800,Cardiff 005D,lsoa,1565,38.01,41.2,317162.57298363885,181986.40628148016
W01001807,Cardiff 007B,lsoa,1567,24.47,64,322342.940489826,181575.02323656206
W01001817,Cardiff 009C,lsoa,1406,17.2,81.7,320423.52828593267,181673.08619875583
W01001818,Cardiff 009D,lsoa,1528,26.28,58.1,320043.4613611992,181145.3391710907
W01001866,Cardiff 016A,lsoa,1510,43.49,34.7,322470.2455168427,180312.5949478231
W01001942,Cardiff 049B,lsoa,1355,31.2,43.4,318680.23802730435,174353.2877318564
W01001699,Cardiff 049A,lsoa,2198,27.2,80.8,318821.4680035169,175198.95932243238
W01001943,Cardiff 048B,lsoa,1098,128.48,8.5,319367.61875445826,174252.94632396128
W01001695,Cardiff 036B,lsoa,3243,34.74,93.4,319088.4934366188,176469.0504381284
W01001725,Cardiff 032D,lsoa,2214,10.25,216,318393.52747568086,177462.91366299207
W01001696,Cardiff 036C,lsoa,1553,18.43,84.3,319599.03227099474,176662.81589639283
W01001873,Cardiff 038C,lsoa,1699,31.02,54.8,320240.0456751109,176302.31563340029
W01001940,Cardiff 048A,lsoa,1111,205.83,5.4,320840.1159405423,170171.2741243602
W01001724,Cardiff 032C,lsoa,1984,10.55,188.1,318454.44448994705,177698.31900120882
W01001834,Cardiff 033E,lsoa,1607,12.25,131.2,319165.5683926723,177402.9527176996
W01001837,Cardiff 030C,lsoa,1524,9.88,154.3,318613.9925419682,178056.5496738754
W01001838,Cardiff 030D,lsoa,1782,10.71,166.4,318907.83098576986,178138.9926440862
W01001824,Cardiff 029C,lsoa,1566,14.98,104.5,319543.0630475395,178067.64444148415
W01001836,Cardiff 030B,lsoa,1599,28.13,56.8,318867.4661743203,178516.37575919623
W01001827,Cardiff 024C,lsoa,1610,44.25,36.4,318975.825547368,178945.80566067444
W01001826,Cardiff 024B,lsoa,1353,39.02,34.7,319785.431861158,179167.4779013404
W01001735,Cardiff 019D,lsoa,1624,62.78,25.9,318905.6899211286,179482.71487842116
W01001734,Cardiff 019C,lsoa,1526,42.33,36.1,318543.08697962447,179947.09941995243
W01001730,Cardiff 008A,lsoa,1489,73.93,20.1,319460.37286219024,181247.3520239153
W01001821,Cardiff 024A,lsoa,1837,30.69,59.9,319420.27402219706,178790.87696379024
W01001822,Cardiff 029A,lsoa,1647,64.05,25.7,320244.45958699763,178597.5615082683
W01001830,Cardiff 033B,lsoa,1638,9.77,167.7,319430.4999655485,177677.16418478233
W01001831,Cardiff 030A,lsoa,1565,12.01,130.3,319096.2981668002,177854.14989938098
W01001833,Cardiff 033D,lsoa,1626,17.6,92.4,319601.6653796944,177465.28581049727
W01001839,Cardiff 030E,lsoa,1609,10,160.9,318790.03551185026,177964.00895640886
W01001950,Cardiff 049D,lsoa,1082,7.41,146,318674.791467382,174667.09503117754
W01001947,Cardiff 048E,lsoa,1504,113.56,13.2,317400.404438332,173925.86397937877
W01001759,Cardiff 046A,lsoa,1588,134.41,11.8,316891.40014007414,175003.18110787324
W01001713,Cardiff 040E,lsoa,1724,14.24,121.1,316483.12672888965,176324.2291716176
W01001859,Cardiff 034B,lsoa,1421,15.06,94.4,316547.742259611,177109.56821300284
W01001860,Cardiff 034C,lsoa,1707,17.98,94.9,316790.3185768131,176928.03382810196
W01001861,Cardiff 034D,lsoa,1709,37.53,45.5,317129.72179127263,176884.26572416365
W01001756,Cardiff 025B,lsoa,3809,66.22,57.5,316766.79696796706,178571.78873361496
W01001775,Cardiff 021B,lsoa,1592,24.78,64.2,316660.04879032506,179913.64342130127
W01001090,The Vale of Glamorgan 006E,lsoa,1470,909.92,1.6,314678.5557522886,173662.45416294332
W01001136,The Vale of Glamorgan 003D,lsoa,1165,206.01,5.7,312275.9931946142,173573.85666905003
W01001702,Cardiff 045A,lsoa,1850,42.39,43.6,312454.8874025063,175197.98362188056
W01001703,Cardiff 045B,lsoa,1266,19.69,64.3,313619.91002401186,175448.7016810575
W01001704,Cardiff 041A,lsoa,1552,31.03,50,314203.69566166366,175736.16600198878
W01001705,Cardiff 045C,lsoa,1776,58.09,30.6,313192.29993507476,175061.4495257406
W01001707,Cardiff 041C,lsoa,2068,62.79,32.9,314400.34758990904,176099.60095792744
W01001708,Cardiff 045D,lsoa,1562,30.92,50.5,313265.80187259975,175666.27974167408
W01001729,Cardiff 014C,lsoa,2203,1048.42,2.1,311261.2108390088,178244.96636687982
W01001737,Cardiff 039A,lsoa,1585,29.24,54.2,313566.26062761375,176743.79068926044
W01001738,Cardiff 039B,lsoa,1421,29.88,47.6,312772.83513914765,176504.02219772377
W01001739,Cardiff 039C,lsoa,1361,23.18,58.7,313369.2338952302,176608.50256715194
W01001740,Cardiff 039D,lsoa,1521,20.03,75.9,313471.930983525,176228.22101168704
W01001741,Cardiff 039E,lsoa,1619,23.12,70,312917.04152730864,176271.20253904903
W01001742,Cardiff 043A,lsoa,1515,22.51,67.3,312940.40706147917,175889.1365594347
W01001743,Cardiff 043B,lsoa,1424,42.46,33.5,311709.0505502423,175840.0319245293
W01001744,Cardiff 043C,lsoa,1592,47.26,33.7,312381.69325076987,175578.25205297623
W01001749,Cardiff 027C,lsoa,1488,46.17,32.2,313122.5527051976,178352.51345160653
W01001750,Cardiff 031A,lsoa,1650,45.83,36,314000.4118670318,177862.20617758943
W01001751,Cardiff 027D,lsoa,1661,29.86,55.6,313216.22406872484,177845.20650267845
W01001752,Cardiff 031B,lsoa,1625,41.18,39.5,313913.06671285816,177294.4945193673
W01001846,Cardiff 006C,lsoa,1727,73.95,23.4,312307.815517958,181466.88713225466
W01001847,Cardiff 006D,lsoa,1535,99.44,15.4,312383.6472321325,181414.63301234398
W01001954,Cardiff 006F,lsoa,1537,64.01,24,312958.36679349584,180611.47056471003
W01001780,Cardiff 026B,lsoa,1750,54.03,32.4,314565.79498923966,178738.0099611766
W01001745,Cardiff 043D,lsoa,1355,41.25,32.8,311587.4465580335,175327.12050324917
W01001746,Cardiff 041D,lsoa,1542,28.69,53.7,314086.314019939,176739.10356448984
W01001747,Cardiff 027A,lsoa,1624,50.37,32.2,313764.52935698634,178595.5809171048
W01001748,Cardiff 027B,lsoa,1569,29.63,53,313858.41718127043,178269.90619607174
W01001753,Cardiff 031C,lsoa,1653,26.18,63.1,313193.1607484043,177408.89604200737
W01001784,Cardiff 026F,lsoa,1361,25.69,53,314037.3970441571,178850.7015628324
W01001706,Cardiff 041B,lsoa,1244,58.36,21.3,314850.34847368614,176332.1920359961
W01001754,Cardiff 031D,lsoa,1711,36.9,46.4,314407.6316338188,177216.97814333433
W01001779,Cardiff 026A,lsoa,1445,47.1,30.7,314963.95431220985,178005.79136730928
W01001894,Cardiff 010C,lsoa,1589,33.38,47.6,314666.7007522099,181133.50120941637
W01001849,Cardiff 004A,lsoa,1558,97.7,15.9,314932.42788160057,182096.143380204
W01001885,Cardiff 011D,lsoa,2017,482.47,4.2,323688.228414576,179098.22847917143
W01001886,Cardiff 016D,lsoa,1199,22.05,54.4,323092.72971230675,180027.3394755419
W01001912,Newport 020E,lsoa,1480,1607.09,0.9,327937.5044875044,181929.44324992562
W01001878,Cardiff 011B,lsoa,1574,33.63,46.8,323767.4310386791,181589.54248731275
W01001419,Caerphilly 021D,lsoa,1556,2546.33,0.6,320260.5280645491,186256.34352958298
W01001778,Cardiff 001B,lsoa,1873,431.61,4.3,317555.4785893678,183876.7824833268
W00010122,,oa,237,2.34,101.3,319804.47750000004,177341.7465
W00010202,,oa,212,0.96,220.8,318592.762,174829.783
W00009432,,oa,244,1.84,132.6,319558.603,177512.225
W00009131,,oa,357,3.61,98.9,317900.23199999996,175504.0745
W00008803,,oa,293,3.51,83.5,319005.5,174629.9585
W00010124,,oa,253,1.76,143.8,318719.2415,174442.31949999998
W00009091,,oa,352,2.16,163,317928.00049999997,174498.6485
W00010141,,oa,193,18.66,10.3,317927.8985,176329.9285
W00010148,,oa,182,1.2,151.7,317940.222,173810.124
W00010171,,oa,211,5.04,41.9,319332.493,175172.8205
W00010203,,oa,179,1.15,155.7,318670.75450000004,174483.2755
W00008816,,oa,269,1.39,193.5,318819,175208.6885
W00010125,,oa,374,2,187,318273.75049999997,177417.102
W00009428,,oa,408,3.17,128.7,318965.849,177579.5765
W00010205,,oa,246,5.81,42.3,317670.822,177948.62300000002
W00009074,,oa,296,2.29,129.3,317816.10199999996,178665.842
W00010193,,oa,300,2.22,135.1,318566.6385,174997.1745
W00010118,,oa,546,4.81,113.5,317814.2395,177644.718
W00010191,,oa,188,3.99,47.1,318830.53500000003,175781.2605
W00010119,,oa,757,3.32,228,317705.922,177685.229
W00010166,,oa,293,8.49,34.5,321230.971,181694.44449999998
W00010167,,oa,160,1.3,123.1,318160.7525,173516.7825
W00009335,,oa,376,4.9,76.7,320563.3275,181429.106
W00010132,,oa,196,1.08,181.5,318597.135,177228.1545
W00008906,,oa,373,2.39,156.1,318064.98199999996,177821.062
W00008904,,oa,461,3.62,127.3,318475.0195,177776.6775
W00008909,,oa,463,2.36,196.2,318365.11100000003,177683.31949999998
W00008902,,oa,589,20.94,28.1,318193.2655,178749.8655
W00008901,,oa,494,2.29,215.7,318480.9865,177494.16749999998
W00009435,,oa,257,1.41,182.3,319448.8155,177551.03499999997
W00008916,,oa,456,2.92,156.2,318634.5075,177327.198
W00008912,,oa,554,12.95,42.8,317865.8995,177567.52649999998
W00008911,,oa,382,2.82,135.5,318138.7685,177597.517
W00008918,,oa,433,11.47,37.8,318076.5,178462.426
W00008919,,oa,263,8.47,31.1,317740.5995,178399.47100000002
W00009374,,oa,319,5.35,59.6,320145.395,181430.0275
W00009307,,oa,319,7.61,41.9,321767.80850000004,180372.81900000002
W00009400,,oa,373,3.23,115.5,319372.753,178143.06050000002
W00010116,,oa,238,2,119,319083.07999999996,176700.845
W00010195,,oa,169,1.48,114.2,318846.5605,175562.375
W00009120,,oa,356,5.51,64.6,317793.31649999996,174145.859
W00009121,,oa,357,10.77,33.1,317979.074,174198.343
W00009128,,oa,383,3.05,125.6,317844.0925,175704.84149999998
W00009392,,oa,328,4.2,78.1,319288.447,178459.137
W00009318,,oa,330,8.73,37.8,321956.8995,181568.788
W00009399,,oa,316,2.88,109.7,319712.995,178128.9905
W00009398,,oa,221,1.91,115.7,319356.042,178027.7115
W00009419,,oa,291,7.58,38.4,319795.8615,178807.0085
W00008960,,oa,372,9.3,40,318756.1425,180755.4365
W00008801,,oa,341,2.64,129.2,320164.42350000003,177184.975
W00009117,,oa,426,4.66,91.4,317714.3225,174524.8725
W00009474,,oa,333,2.87,116,319581.952,177678.0565
W00009473,,oa,327,1.92,170.3,319115.6655,177723.0935
W00009642,,oa,279,2.42,115.3,320200.1015,176480.581
W00008974,,oa,282,5.66,49.8,318891.802,179773.845
W00009641,,oa,260,13,20,320651.44,176729.62550000002
W00009106,,oa,350,2.34,149.6,317894.2265,175004.015
W00009107,,oa,344,2,172,317636.60349999997,174864.7955
W00009108,,oa,297,3.09,96.1,317904.719,174739.9455
W00009362,,oa,297,6.04,49.2,319959.657,179815.397
W00008811,,oa,251,3.28,76.5,319033.315,175765.46399999998
W00009557,,oa,454,3.3,137.6,317662.0785,176223.4165
W00009467,,oa,373,1.76,211.9,319058.8465,177992.548
W00009464,,oa,286,1.85,154.6,318815.9265,177946.8655
W00009460,,oa,424,2.29,185.2,318937.61699999997,178156.6615
W00009654,,oa,284,3.19,89,320629.19499999995,177160.46600000001
W00009112,,oa,397,3.45,115.1,317624.5455,174851
W00009114,,oa,490,5.69,86.1,318263.359,174561.179
W00009113,,oa,339,2.32,146.1,317980.4445,174663.588
W00009118,,oa,263,1.78,147.8,317776.2485,174443.061
W00009119,,oa,302,5.88,51.4,318044.26399999997,173977.398
W00009609,,oa,329,17.15,19.2,322188.681,178718.08899999998
W00010123,,oa,920,21.49,42.8,319507.4965,179746.0615
W00010121,,oa,233,5.1,45.7,318246.1275,176254.737
W00009627,,oa,295,4.58,64.4,321743.3905,179426.749
W00009984,,oa,321,4.11,78.1,319262.71499999997,176736.929
W00009341,,oa,321,7.94,40.4,320319.206,181107.7555
W00009440,,oa,327,3.02,108.3,319268.06700000004,177349.472
W00009632,,oa,307,2.08,147.6,320260.373,176769.413
W00009631,,oa,269,3.37,79.8,320874.8935,176699.8835
W00009638,,oa,286,7.8,36.7,320957.0125,176577.831
W00009160,,oa,328,6.93,47.3,317770.12,180564.54499999998
W00008924,,oa,499,2.85,175.1,318227.91099999996,178183.177
W00008929,,oa,361,3.01,119.9,318173.174,178099.059
W00009356,,oa,411,5.15,79.8,319574.659,180154.6255
W00009455,,oa,191,1.76,108.5,318581.8165,178077.2735
W00009450,,oa,209,3.63,57.6,319235.77150000003,176953
W00008785,,oa,383,3.77,101.6,319691.228,176809.391
W00008789,,oa,318,2.3,138.3,319482.13899999997,176598.0275
W00009606,,oa,295,6.39,46.2,321215.6925,179093.91950000002
W00010129,,oa,150,5.4,27.8,319229.757,175491.691
W00008932,,oa,515,2.88,178.8,318142.033,177940.1325
W00009093,,oa,366,4.15,88.2,318051.224,173612.9965
W00009098,,oa,392,2.14,183.2,317847.2745,175203.9425
W00009427,,oa,325,5.45,59.6,319767.9115,177610.9205
W00009424,,oa,390,3.29,118.5,318905.2555,177285.9235
W00009422,,oa,313,6.66,47,319912.212,178582.8505
W00009420,,oa,349,33.76,10.3,320457.19649999996,178948.84975
W00009421,,oa,284,10.52,27,319347.8135,178687.4925
W00008797,,oa,298,7.97,37.4,320497.96349999995,177617.451
W00008791,,oa,250,3.36,74.4,319587.2295,176478.22149999999
W00009569,,oa,317,1.67,189.8,317088.79949999996,176181.4745
W00008896,,oa,268,2.14,125.2,315959.7865,177014.9265
W00009724,,oa,339,6.49,52.2,315178.78599999996,179596.3895
W00009127,,oa,339,2.14,158.4,317537.92850000004,175614.0095
W00008855,,oa,325,3.87,84,316310.45900000003,176954.4705
W00008859,,oa,334,2.85,117.2,315641.50450000004,176764.2915
W00009248,,oa,327,8.09,40.4,316811.1235,182740.8765
W00009154,,oa,473,39.18,12.1,317843.368,179264.5755
W00009155,,oa,172,4.4,39.1,318140.3945,179648.4365
W00009568,,oa,327,2.81,116.4,317529.7245,176188.3785
W00009754,,oa,205,3.61,56.8,315706.078,180038.7885
W00009402,,oa,280,2.49,112.4,319959.374,177998.1245
W00009756,,oa,227,3.53,64.3,315558.72849999997,180177.934
W00009755,,oa,279,8.58,32.5,315310.301,180200.2795
W00009750,,oa,274,13.01,21.1,315835.61199999996,180273.05599999998
W00009759,,oa,238,7.53,31.6,315465.45849999995,179888.445
W00009226,,oa,292,8.12,36,315263.484,179239.324
W00009575,,oa,205,2,102.5,317686.431,175921.2175
W00009571,,oa,376,2.56,146.9,317183.38800000004,176075.687
W00009725,,oa,330,5.22,63.2,315424.3715,180564.2665
W00009722,,oa,295,5.63,52.4,314960.6135,180323.7955
W00008887,,oa,322,2.87,112.2,315813.945,177313.0425
W00008884,,oa,196,84.42,2.3,316107.5065,175500.59000000003
W00008883,,oa,284,4.96,57.3,316255.3155,175960.522
W00008889,,oa,307,3.6,85.3,315969.76300000004,177174.43349999998
W00008888,,oa,207,6.09,34,316148.62600000005,177186.86599999998
W00009197,,oa,366,18.33,20,315514.5415,178034.0145
W00009116,,oa,348,2.31,150.6,317968.2735,174611.3295
W00009195,,oa,285,14.24,20,315085.8175,178154.541
W00009231,,oa,255,5.02,50.8,315647.2825,179008.6605
W00009548,,oa,247,11.78,21,315517.6155,180739.039
W00009737,,oa,294,5.51,53.4,315822.819,179416.6405
W00009640,,oa,338,2.41,140.2,319909.07999999996,176537.718
W00008978,,oa,196,4.23,46.3,319467.00950000004,182089.7905
W00009186,,oa,263,7.45,35.3,314914.2605,177821.2765
W00009100,,oa,301,95.21,3.2,316892.024,174750.691
W00008814,,oa,393,6.74,58.3,318759.4105,175466.6385
W00008894,,oa,303,4.24,71.5,315091.4075,177093.565
W00008893,,oa,344,10.35,33.2,314882.983,177004.29700000002
W00009286,,oa,264,8.83,29.9,317562.52150000003,181994.959
W00009204,,oa,221,9.16,24.1,316062.64300000004,177480.501
W00009205,,oa,307,7.74,39.7,315115.8055,177353.75
W00009203,,oa,235,4.92,47.8,315261.73199999996,177483.3245
W00009201,,oa,308,5.44,56.6,314834.6625,177438.3895
W00009552,,oa,248,5.13,48.3,316094.993,180672.699
W00009550,,oa,269,6.13,43.9,316020.0815,180815.6925
W00009559,,oa,383,2.37,161.6,316921.839,176205.69400000002
W00009468,,oa,488,3.06,159.5,318654.2485,177827.495
W00010177,,oa,250,2.66,94,316978.412,181051.059
W00009199,,oa,290,7.74,37.5,314969.4135,177642.776
W00009198,,oa,440,10.65,41.3,315643.6355,177572.326
W00009214,,oa,287,6.63,43.3,315798.9485,179174.84149999998
W00009218,,oa,306,7.3,41.9,315352.002,178619.7045
W00009527,,oa,321,18.55,17.3,315339.645,181772.533
W00010126,,oa,1100,24.89,44.2,316687.22400000005,178484.37050000002
W00009983,,oa,516,12.74,40.5,317582.77099999995,175608.752
W00008864,,oa,285,3.59,79.4,316494.88300000003,176772.56300000002
W00008870,,oa,309,5.93,52.1,315507.8715,176615.9205
W00009537,,oa,222,12.44,17.8,315501.82550000004,181267.1825
W00009535,,oa,258,6.6,39.1,316391.8895,181723.874
W00009587,,oa,239,2.73,87.5,316763.8275,177193.5195
W00009762,,oa,327,11.15,29.3,314904.8815,179787.0895
W00009170,,oa,311,5.7,54.6,317744.17449999996,180249.00400000002
W00008931,,oa,403,2.31,174.5,317914.788,178051.276
W00008794,,oa,363,3.69,98.4,319937.177,177469.152
W00005833,,oa,299,46.13,6.5,316492.04949999996,173481.869
W00005831,,oa,322,45.51,7.1,316398.51300000004,173011.8045
W00005835,,oa,274,29.28,9.4,317131.15449999995,173229.195
W00008897,,oa,201,1.66,121.1,315829.221,177097.15149999998
W00009224,,oa,296,8.55,34.6,315909.9565,178448.6445
W00009222,,oa,204,4.84,42.1,315872.13899999997,178661.4995
W00008863,,oa,254,2.38,106.7,316185.483,176753.2415
W00009077,,oa,392,2.87,136.6,317327.2115,178699.91950000002
W00009613,,oa,317,135.78,2.3,322234.07550000004,178074.809
W00009610,,oa,369,8.53,43.3,321102.7975,178816.793
W00010232,,oa,619,7.86,78.8,317485.245,178177.4515
W00008856,,oa,289,2.33,124,315685.123,176978
W00009244,,oa,283,9.02,31.4,316995.1235,183233.1515
W00009243,,oa,349,8.5,41.1,317339.947,183206.9995
W00009563,,oa,291,3.03,96,317641.13049999997,176377.235
W00009309,,oa,307,4.16,73.8,321942.878,180195.8115
W00009566,,oa,381,2.43,156.8,317355.2695,176275.62949999998
W00009567,,oa,254,3.03,83.8,316982.0595,176067.948
W00009564,,oa,312,2.21,141.2,317008.5405,176263.574
W00010115,,oa,862,6.73,128.1,318442.2595,177125.75
W00009314,,oa,251,24.74,10.1,321097.84550000005,179400.3135
W00010215,,oa,241,2.9,83.1,319072.1115,175224.391
W00010213,,oa,167,3.77,44.3,316109.55299999996,176291.327
W00009223,,oa,269,5.82,46.2,316139.91949999996,178436.476
W00009576,,oa,248,84.4,2.9,316453.1095,177802.31449999998
W00009579,,oa,215,1.75,122.9,316567.775,177242.803
W00008966,,oa,305,6.15,49.6,318334.0165,180127.7065
W00009137,,oa,251,1.51,166.2,317469.5325,175381.889
W00009134,,oa,294,3.07,95.8,317313.40150000004,175444.864
W00009130,,oa,281,2.14,131.3,317410.7215,175560.18949999998
W00009139,,oa,297,8.32,35.7,317213.3995,179454.122
W00008885,,oa,486,7.57,64.2,316766.7785,175765.7525
W00009545,,oa,281,10.24,27.4,315820.94350000005,180958.152
W00009541,,oa,278,6.09,45.6,315927.7925,181267.7745
W00009730,,oa,260,7.8,33.3,316043.05299999996,179721.33500000002
W00010162,,oa,292,3.69,79.1,316946.25899999996,180409.0505
W00009101,,oa,473,2.65,178.5,317864.9045,175108.438
W00009289,,oa,319,9.32,34.2,317139.77749999997,182008.352
W00009554,,oa,228,4.81,47.4,316310.5695,182311.538
W00009115,,oa,297,4.04,73.5,318356.774,174684.973
W00010140,,oa,475,5.94,80,315786.78599999996,176105.634
W00010120,,oa,308,2.29,134.5,319517.217,174681.0815
W00009429,,oa,300,1.4,214.3,319355.0375,177649.352
W00009622,,oa,300,7.38,40.7,322585.2845,179717.3235
W00008862,,oa,247,1.71,144.4,315700.3425,176862.739
W00008866,,oa,296,2.76,107.2,316040.7,176798.728
W00008867,,oa,286,2.3,124.3,315774.0685,176737.3715
W00008860,,oa,292,2.47,118.2,316286.73199999996,176837.94199999998
W00008869,,oa,303,3.24,93.5,316234.918,176680.2645
W00009342,,oa,410,5.11,80.2,320811.3355,181057.514
W00009533,,oa,260,6.19,42,315825.00800000003,181920.96149999998
W00009636,,oa,264,6.74,39.2,320426.47250000003,176415.8695
W00009633,,oa,304,5.96,51,319823.07,176439.507
W00009164,,oa,296,4.6,64.3,317397.13300000003,180542.7015
W00009162,,oa,279,5.08,54.9,317158.93200000003,180401.66999999998
W00008923,,oa,376,2.95,127.5,318402.2025,178116.1975
W00008920,,oa,430,2.43,177,318358.5255,178451.44150000002
W00008872,,oa,293,4.13,70.9,315850.55850000004,176500.4605
W00008873,,oa,336,3.21,104.7,316089.4375,176552.0565
W00008871,,oa,350,4.99,70.1,316400.5125,176609.0655
W00008879,,oa,307,2.18,140.8,316429.90650000004,176321.6995
W00009080,,oa,434,3.24,134,317767.475,178583.4045
W00009088,,oa,373,12.29,30.3,317485.1455,178602.501
W00009586,,oa,235,3.4,69.1,316568.8515,176972.49349999998
W00009585,,oa,295,2.69,109.7,316852.163,176979.1115
W00009581,,oa,292,2.69,108.6,316446.642,177266.3395
W00009580,,oa,361,22.21,16.3,317086.372,177393.84649999999
W00009458,,oa,312,2.19,142.5,318820.66500000004,178222.5185
W00009765,,oa,281,4.29,65.5,315793.57550000004,179890.47749999998
W00009764,,oa,265,6.56,40.4,316303.421,179918.5745
W00009094,,oa,284,3.42,83,316986.519,175189.1175
W00010223,,oa,562,5.48,102.6,317449.047,177961.2035
W00009277,,oa,297,6.86,43.3,316568.54949999996,182710.304
W00009597,,oa,402,5.95,67.6,316863.47,176574.76799999998
W00009594,,oa,305,3.39,90,316697.6065,176788.7305
W00009591,,oa,318,3.31,96.1,316870.93200000003,176741.6995
W00009598,,oa,342,3.49,98,316897.5,176393.4155
W00009324,,oa,300,5.15,58.3,321677.13,181190.2465
W00008603,,oa,410,172.9,2.4,325221.40599999996,183023.34350000002
W00009687,,oa,352,9.86,35.7,323610.58200000005,181405.46149999998
W00009325,,oa,338,5.98,56.5,322378.88,181399.2605
W00010151,,oa,320,3.08,103.9,316946.9745,181329.921
W00009360,,oa,292,5.21,56,319861.67949999997,179991.6925
W00009720,,oa,302,10.98,27.5,313500.099,182235.6595
W00009234,,oa,247,4.63,53.3,315070.2685,179092.89
W00010152,,oa,293,4.44,66,313766.042,179989.17599999998
W00009247,,oa,288,5.6,51.4,317373.105,182667.766
W00010135,,oa,401,4.14,96.9,316843.126,180590.7365
W00009140,,oa,405,7.21,56.2,316965.17350000003,180033.23200000002
W00009141,,oa,429,6.43,66.7,316721.6925,180194.2625
W00009148,,oa,122,2.03,60.1,318158.9975,179859.50400000002
W00009245,,oa,485,15.26,31.8,316623.083,183146.314
W00009249,,oa,321,10.9,29.4,318284.22,182297.78350000002
W00009745,,oa,270,5.79,46.6,314689.3875,180910.05949999997
W00009747,,oa,243,3.64,66.8,315001.72349999996,180675.491
W00009749,,oa,357,6.3,56.7,315232.406,180554.89549999998
W00009156,,oa,268,9.4,28.5,317522.7725,180776.34850000002
W00009153,,oa,347,4.65,74.6,316949.954,179484.2035
W00009252,,oa,412,11.96,34.4,317917.50450000004,181871.7645
W00009258,,oa,363,6.11,59.4,317895.365,181367.98700000002
W00009259,,oa,237,5.62,42.2,318022.177,181201.4005
W00009486,,oa,378,5.04,75,320170.9175,182088.239
W00009758,,oa,319,8.63,37,314988.74950000003,180158.7175
W00009364,,oa,325,5.46,59.5,319835.9805,179659.4525
W00009229,,oa,348,3.69,94.3,314727.8715,179335
W00006525,,oa,259,58.76,4.4,312525.5455,184063.022
W00009412,,oa,319,6.92,46.1,320035.1225,179246.26049999997
W00009726,,oa,316,10.86,29.1,315241.59699999995,179814.728
W00009727,,oa,293,5.22,56.1,316183.1165,179521.9135
W00009728,,oa,314,5.81,54,315654.00749999995,179541.638
W00009729,,oa,270,6.5,41.5,316386.773,179389.146
W00008967,,oa,158,2.5,63.2,318895.922,180163.869
W00008964,,oa,299,5.35,55.9,318878.2105,180280.07549999998
W00008963,,oa,330,10.13,32.6,319243.179,180381.557
W00009230,,oa,326,5.5,59.3,315167.5885,179216
W00009540,,oa,303,8.11,37.4,316398.1855,181366.15000000002
W00009549,,oa,320,7.18,44.6,316501.7635,180832.407
W00009736,,oa,329,5.08,64.8,316532.788,179317.48599999998
W00009731,,oa,288,2.88,100,316469.577,179574.8695
W00009735,,oa,517,6.14,84.2,316705.81200000003,179403.213
W00008971,,oa,325,8.59,37.8,318265.7035,180053.50400000002
W00009184,,oa,310,14.02,22.1,318696.678,183279.8095
W00009182,,oa,351,10.27,34.2,318349.901,183266.91499999998
W00009189,,oa,312,8.88,35.1,314041.622,179371.276
W00009188,,oa,315,6.02,52.3,313895.911,179460.4895
W00009282,,oa,267,4.23,63.1,316873.229,182453.1015
W00009281,,oa,341,6.3,54.1,317384.97,182363.089
W00009556,,oa,294,13.92,21.1,315270.46900000004,182082.6615
W00009553,,oa,303,5.72,53,315817.1505,182166.478
W00009376,,oa,423,120.72,3.5,311961.08999999997,182732.5385
W00009526,,oa,366,23.27,15.7,315239.184,181495.3195
W00009522,,oa,263,7.27,36.2,316120.917,182032.7445
W00006515,,oa,455,30.74,14.8,312257.7275,183568.5045
W00009528,,oa,270,6.49,41.6,316078.2705,181867.401
W00009716,,oa,322,171.16,1.9,313824.07849999995,183346.7825
W00008954,,oa,333,9.2,36.2,318493.00399999996,180852.3335
W00008957,,oa,349,9.88,35.3,318313.93350000004,180851.9995
W00008952,,oa,305,31.75,9.6,319609.85750000004,181449.7855
W00008951,,oa,422,11.44,36.9,318278.428,181218.32400000002
W00009348,,oa,348,4.7,74,319642.802,180413.305
W00009534,,oa,216,4.19,51.6,316480.797,181665.759
W00009539,,oa,317,6.57,48.2,316417.9865,181462.64299999998
W00010150,,oa,379,159.96,2.4,312344.078,180167.0725
W00009166,,oa,322,5.95,54.1,316301.5285,180311.843
W00009169,,oa,370,8.46,43.7,317956.0435,180339.00300000003
W00009351,,oa,342,3.93,87,320481.368,180286.30550000002
W00009266,,oa,275,5.49,50.1,317582.579,183108.8995
W00009267,,oa,247,5.52,44.7,317238.717,183182.013
W00009264,,oa,315,10.29,30.6,317770.799,183197.225
W00009262,,oa,302,4.84,62.4,317551.4865,183487.72999999998
W00009268,,oa,259,4.86,53.3,317696.4445,183088.046
W00009269,,oa,225,3.84,58.6,317177.293,183018.087
W00009503,,oa,588,31.87,18.4,312794.70900000003,180568.415
W00009766,,oa,299,7.98,37.5,315957.908,179908.995
W00009763,,oa,324,6.7,48.4,314257.8345,179922.7555
W00009760,,oa,327,5.06,64.6,314495.838,180086.84350000002
W00009172,,oa,316,6.62,47.7,316164.68000000005,180146.90350000001
W00009178,,oa,254,10.97,23.2,318566.7825,182842.8225
W00009517,,oa,289,5.58,51.8,316140.69550000003,181558.0235
W00010228,,oa,404,46.11,8.8,310753.997,180208.74
W00010227,,oa,268,6.55,40.9,312502.319,181738.0565
W00009279,,oa,286,5.22,54.8,317119.473,182492.2905
W00009514,,oa,317,56.54,5.6,312713.3645,181700.4445
W00009515,,oa,273,10.12,27,312777.392,181670.682
W00009615,,oa,299,13.61,22,322359.8395,180217.0915
W00009699,,oa,229,2.68,85.4,323016.897,180951.8095
W00009713,,oa,388,9.02,43,323425.7575,180082.67
W00009306,,oa,233,3.99,58.4,322285.891,180507.972
W00009300,,oa,277,3.8,72.9,322194.135,180882.8885
W00009483,,oa,195,7.08,27.5,322838.848,181177.8985
W00009673,,oa,328,4.57,71.8,323078.33349999995,180294.71899999998
W00009670,,oa,415,5.27,78.7,323039.4045,180477.3785
W00010179,,oa,153,6.98,21.9,323512.703,180450.8615
W00009709,,oa,621,13.58,45.7,324223.70200000005,180497.00449999998
W00009295,,oa,355,5.79,61.3,322470.81200000003,181173.67700000003
W00009299,,oa,256,7.62,33.6,322464.89749999996,180790
W00009298,,oa,289,7.22,40,322643.856,180898.416
W00009621,,oa,362,3.95,91.6,322354.659,179775.63
W00010155,,oa,241,3.11,77.5,324001.772,180211.9855
W00009686,,oa,261,8.46,30.9,323222.488,181438.463
W00009685,,oa,407,34.23,11.9,324245.356,182027.1345
W00009600,,oa,388,12.78,30.4,322688.38399999996,180648.829
W00008839,,oa,169,2.1,80.5,313164.7665,175759.3515
W00009043,,oa,443,5.36,82.6,313226.00800000003,177637.48849999998
W00009040,,oa,301,6.65,45.3,313019.817,177957.9725
W00008945,,oa,301,15.31,19.7,312321.3915,176428.981
W00008943,,oa,447,12.36,36.2,311644.7705,176189.229
W00009026,,oa,287,5.87,48.9,311955.2395,175873.6065
W00009024,,oa,311,3.71,83.8,312237.1205,175729.184
W00009025,,oa,262,3.93,66.7,312687.583,175866.18050000002
W00009022,,oa,252,8.12,31,311688.73,175707.166
W00009023,,oa,249,4.48,55.6,312413.251,175858.1725
W00009021,,oa,364,5.1,71.4,312922.5075,175826.849
W00009028,,oa,206,3.41,60.4,312426.30799999996,175658.62449999998
W00006517,,oa,311,64.79,4.8,313177.5235,183513.3645
W00009033,,oa,327,4.34,75.3,312975.6225,177676.4865
W00009006,,oa,308,5.83,52.8,312670.353,176291.6575
W00009000,,oa,347,4.22,82.2,313720.244,176723.9125
W00009505,,oa,230,7.09,32.4,312806.782,180996.674
W00009508,,oa,339,7.2,47.1,312227.14,181067.6885
W00008846,,oa,222,2.39,92.9,313231.9045,175537.213
W00008845,,oa,302,5.15,58.6,313612.65,175504.6085
W00008848,,oa,311,5,62.2,313664.1985,175294.65850000002
W00008849,,oa,271,4.8,56.5,312634.8275,175286.12
W00009014,,oa,341,5.06,67.4,313132.5,176185.5685
W00009019,,oa,274,3.56,77,312411.12899999996,176031.765
W00009012,,oa,236,2.92,80.8,313790.43799999997,176392.779
W00010221,,oa,282,270.58,1,311776.88,177055
W00009510,,oa,286,10.14,28.2,312400.086,180711.3625
W00010146,,oa,303,5.11,59.3,320976.408,177933.314
W00010180,,oa,327,17.31,18.9,321306.0425,178000.0015
W00010175,,oa,236,2.97,79.5,321124.9805,181457.12800000003
W00008599,,oa,380,33.72,11.3,325381.52650000004,182011.4945
W00010225,,oa,268,15.3,17.5,321249.36750000005,181989.58250000002
W00009704,,oa,331,4.51,73.4,323229.453,180708.3775
W00009311,,oa,302,4.94,61.1,321776.4595,180155.6165
W00009390,,oa,368,5.75,64,319619.676,178551.74550000002
W00009433,,oa,527,4.7,112.1,319661.998,177328.1725
W00009619,,oa,363,4.6,78.9,322405.2485,179967.6825
W00009332,,oa,316,3.45,91.6,320354.9865,181339.938
W00009665,,oa,320,18.67,17.1,321308.9465,176885.682
W00010207,,oa,306,6.08,50.3,323722.476,180311.218
W00009985,,oa,320,2.56,125,319694.9435,177168.311
W00009338,,oa,312,3.39,92,320192.4305,181074.489
W00009337,,oa,408,6.44,63.4,320631.8245,181291.586
W00009334,,oa,304,5.87,51.8,321002.46900000004,181259.59600000002
W00009333,,oa,340,13,26.2,319941.8075,181394.5095
W00009616,,oa,329,8.41,39.1,322654.0855,180140.576
W00009617,,oa,206,3.03,68,322260.7725,180061.20049999998
W00009693,,oa,349,21.14,16.5,323516.83400000003,181026.214
W00009612,,oa,307,4.87,63,321841.534,178825.6635
W00009691,,oa,599,9,66.6,323854.302,181281.18349999998
W00009690,,oa,420,4.5,93.3,324134.96499999997,181288.852
W00009618,,oa,288,5.66,50.9,322690.2155,179924.448
W00009372,,oa,330,4.1,80.5,320542.97849999997,181604.679
W00009304,,oa,334,35.4,9.4,321209.69649999996,180141.32799999998
W00009404,,oa,255,5.36,47.6,319914.2375,177738.758
W00009484,,oa,185,1.92,96.4,322651.06799999997,181832.0615
W00009403,,oa,354,3.75,94.4,319635.7605,177816.5465
W00009481,,oa,385,9.83,39.2,323192.451,181704.4455
W00009401,,oa,337,8.06,41.8,319627.47849999997,178043.66700000002
W00009489,,oa,281,3.76,74.7,320962.453,182458.5745
W00009666,,oa,146,10.31,14.2,321157.57550000004,177113.749
W00009663,,oa,292,4.27,68.4,320931.098,176881.058
W00009660,,oa,297,2.09,142.1,320376.772,177109.28100000002
W00009492,,oa,223,3.71,60.1,321170.5875,182368.90899999999
W00009367,,oa,291,6.38,45.6,319830.547,179466.29700000002
W00009397,,oa,371,3.83,96.9,319850.87600000005,178200.00699999998
W00009394,,oa,335,5.46,61.4,319854.72699999996,178449.7885
W00009393,,oa,239,2.68,89.2,319595.472,178418.62300000002
W00009310,,oa,304,8.16,37.3,322015.35199999996,180061.699
W00009391,,oa,416,4.91,84.7,319995.204,178266.714
W00009319,,oa,314,4.42,71,322522.1185,181685.723
W00009414,,oa,282,6.33,44.5,320359.3515,179156.65399999998
W00009415,,oa,321,9.9,32.4,319954.1915,179057.28600000002
W00009490,,oa,491,102.64,4.8,320295.295,182863.59999999998
W00009411,,oa,407,13.93,29.2,319512.0575,179034
W00008779,,oa,387,3.51,110.3,319820.2025,177052.8785
W00009676,,oa,276,376.75,0.7,323594.597,178802.36800000002
W00009678,,oa,257,5.59,46,323591.847,181593.21250000002
W00009475,,oa,279,1.24,225,319420.70200000005,177690.29200000002
W00009478,,oa,331,229.68,1.4,323009.50049999997,182739.3
W00009479,,oa,284,58.47,4.9,322231.353,182138.4455
W00009711,,oa,359,9.97,36,324315.4625,180323.658
W00009190,,oa,319,6.05,52.7,313920.9485,179183.387
W00009236,,oa,329,5.4,60.9,315885.52150000003,178882.391
W00009215,,oa,322,5.51,58.4,315467.346,179262.8005
W00009217,,oa,296,8.13,36.4,316221.5255,178912.6225
W00009237,,oa,455,5.93,76.7,316485.49399999995,178970.90500000003
W00009733,,oa,295,4.8,61.5,316023.961,179429.4915
W00009417,,oa,300,5.35,56.1,320230.9005,179034.64299999998
W00008972,,oa,315,7.49,42.1,319046.4355,179866.96600000001
W00009366,,oa,346,4.67,74.1,320006.734,179525.19199999998
W00009555,,oa,256,4.87,52.6,316044.47849999997,182297.588
W00009315,,oa,273,11.9,22.9,321196.158,179751.6625
W00009312,,oa,324,14.19,22.8,321645.34900000005,179919.6335
W00009287,,oa,284,28.77,9.9,318697.2135,182085.19799999997
W00009294,,oa,263,3.66,71.9,322103.93799999997,180516.2335
W00009675,,oa,312,3.99,78.2,322857.42350000003,180171.3785
W00010169,,oa,433,16.48,26.3,320867.426,181611.812
W00009487,,oa,306,6.86,44.6,320766.9515,182039.46850000002
W00009086,,oa,381,2.69,141.6,317299.47349999996,178847.957
W00009353,,oa,335,7.15,46.9,319858.26300000004,180310.3805
W00009604,,oa,278,5.23,53.2,321935.198,179120.2145
W00009150,,oa,354,5.18,68.3,317012.6135,179766.878
W00009757,,oa,295,6.78,43.5,314791.15449999995,180209.064
W00009313,,oa,205,3.15,65.1,321468.9895,179732.98700000002
W00009227,,oa,277,8.34,33.2,314946.8025,179346.655
W00009225,,oa,345,19.92,17.3,314407.75,179639.6555
W00009220,,oa,312,4.97,62.8,315581.566,178890.7955
W00009410,,oa,317,13.45,23.6,319096.05,179179.3985
W00009734,,oa,258,4.42,58.4,315507.858,179417.038
W00008975,,oa,253,6.81,37.2,318341.9895,179620.9595
W00009620,,oa,308,6.78,45.4,322102.78150000004,179805.54200000002
W00009084,,oa,326,3.99,81.7,317078.571,178948.29200000002
W00009085,,oa,405,4.58,88.4,317397.663,178948.418
W00009602,,oa,293,5.62,52.1,321528.72,179312.925
W00009603,,oa,338,6.32,53.5,322123.18799999997,179269.71850000002
W00009601,,oa,312,4.77,65.4,321874.9815,179385.83
W00009512,,oa,392,12.88,30.4,313333.9355,180287.519
W00009748,,oa,216,10.2,21.2,314886.065,180581.827
W00009152,,oa,349,11.89,29.4,317066.6755,179389.47999999998
W00009746,,oa,329,6.93,47.5,315096.591,180775.44150000002
W00009525,,oa,299,8.1,36.9,314949.35699999996,181992.934
W00009261,,oa,392,9.68,40.5,317929.598,180811.8605
W00009254,,oa,297,10.65,27.9,317645.2175,181713.38400000002
W00009416,,oa,354,7.41,47.8,318938.45149999997,178910.388
W00008949,,oa,314,11.42,27.5,319187.792,181416.3365
W00009232,,oa,361,7.35,49.1,316163.3375,179099.412
W00009542,,oa,244,7.85,31.1,315658.5245,181151.58899999998
W00009532,,oa,309,5.57,55.5,315818.976,181703.6555
W00009530,,oa,303,5.59,54.2,314841.79850000003,181707.37050000002
W00009163,,oa,325,4.91,66.2,317585.7895,180511.27649999998
W00009507,,oa,315,7.67,41.1,312544.78500000003,180926.303
W00009509,,oa,308,16.91,18.2,311920.32550000004,181013.9095
W00009767,,oa,316,5.59,56.5,314690.941,179790.1615
W00010128,,oa,813,9.57,85,319260.9915,179066.6665
W00009171,,oa,484,7.8,62.1,316501.704,180417.01650000003
W00009516,,oa,477,25.39,18.8,312023.4105,181460.03850000002
W00009644,,oa,206,1.54,133.8,319614.5795,176384.414
W00009599,,oa,283,7.04,40.2,317561.9675,176487.4805
W00010201,,oa,226,2.15,105.1,318747.40650000004,174831.487
W00005834,,oa,236,11.47,20.6,316930.217,173226.2265
W00009560,,oa,451,2.87,157.1,317368.4805,176351.94150000002
W00009577,,oa,256,2.79,91.8,316824.60750000004,177366.2095
W00010204,,oa,215,1.18,182.2,318674.313,174838.92200000002
W00009292,,oa,336,9.47,35.5,318053.4255,182042.44199999998
W00009291,,oa,232,3.67,63.2,317469.57149999996,182017.7145
W00009256,,oa,317,7.64,41.5,318213.9915,181472.7125
W00009075,,oa,364,2.5,145.6,317422.759,178650.1655
W00010190,,oa,352,3.67,95.9,316993.3625,180626.75449999998
W00009125,,oa,375,1.96,191.3,317352.2955,175643.93050000002
W00009246,,oa,366,6.18,59.2,317330.0675,182998.8175
W00009146,,oa,340,53.17,6.4,317757.3015,179848.4075
W00009149,,oa,356,5.5,64.7,317077.177,179856.188
W00008980,,oa,289,9.23,31.3,319177.9925,181952.4075
W00009241,,oa,403,15.22,26.5,317491.978,181022.50699999998
W00009242,,oa,308,5.44,56.6,317013.251,183488.522
W00009437,,oa,499,2.98,167.4,318787.445,177251.71000000002
W00009431,,oa,237,1.46,162.3,319127.426,177548.99550000002
W00009111,,oa,355,3.27,108.6,318146.36100000003,174804.4225
W00010145,,oa,165,20.62,8,318086.105,173046.0235
W00008781,,oa,442,4.09,108.1,319565.704,176942.5165
W00009697,,oa,300,4.32,69.4,323833.8075,181008.1055
W00009700,,oa,286,3.89,73.5,323859.5175,180822.33000000002
W00010174,,oa,250,4.81,52,321665.2,182140.5945
W00009296,,oa,260,4.91,53,322164.6615,181049.67349999998
W00009297,,oa,348,12.46,27.9,321888.5,180954.887
W00009293,,oa,381,6.81,55.9,321671.912,181024.6805
W00009326,,oa,288,6.17,46.7,322221.613,181275.8805
W00009329,,oa,336,4.09,82.2,322408.9445,181038.3135
W00008602,,oa,325,99.64,3.3,325869.9575,183019.33049999998
W00010136,,oa,336,4.01,83.8,320789.32649999997,182184.006
W00009482,,oa,319,9.65,33.1,323043.49549999996,181848.52850000001
W00009480,,oa,249,3.37,73.9,322759.824,181766.20500000002
W00009488,,oa,357,6.36,56.1,320750.19700000004,182454.8115
W00009497,,oa,433,5.83,74.3,320570.615,182091.183
W00009493,,oa,308,5.35,57.6,321604.89650000003,182334.516
W00009502,,oa,389,6.1,63.8,321415.4495,182493.7165
W00009680,,oa,356,5.1,69.8,324000.5045,181401.913
W00009684,,oa,279,7.11,39.2,323919.8155,181678.6315
W00009689,,oa,233,3.29,70.8,324177.391,181514.5375
W00009327,,oa,298,4.84,61.6,321965.71849999996,181259.9645
W00009322,,oa,369,5.65,65.3,322089.2655,181451.2095
W00009323,,oa,349,7.83,44.6,321696.9535,181393.00699999998
W00009339,,oa,335,4.77,70.2,320560,181077
W00009143,,oa,281,5.01,56.1,317235.5,179862.5
W00009744,,oa,245,10.53,23.3,314307.5325,180875.7625
W00009501,,oa,372,284.85,1.3,321241.35250000004,183544.7765
W00010189,,oa,236,3.36,70.2,321483.347,181979.1825
W00010218,,oa,230,2.35,97.9,316801.3145,180448.8025
W00009317,,oa,319,6.86,46.5,322235.659,181770.375
W00009683,,oa,330,5.97,55.3,323778.2785,181833.6355
W00010156,,oa,189,2.31,81.8,321003.18200000003,182056.289
W00009142,,oa,216,4.2,51.4,316589.13950000005,180092.4005
W00009743,,oa,323,5.4,59.8,314951.593,181098.06199999998
W00009157,,oa,443,20.25,21.9,317083.5925,180740.23849999998
W00009302,,oa,357,18.28,19.5,321270.5455,180555.63549999997
W00009303,,oa,299,16.43,18.2,321789.7875,180450.646
W00009308,,oa,223,4.1,54.4,322119.554,180359.19
W00009255,,oa,310,8.93,34.7,316887.321,181903.1235
W00009250,,oa,315,10.64,29.6,317281.949,181811.12699999998
W00009251,,oa,287,39.29,7.3,318479.0695,181692.2005
W00009496,,oa,350,6.42,54.5,321421.294,182142.0415
W00009495,,oa,319,3.69,86.4,320989.38049999997,182347.4925
W00009494,,oa,506,7.21,70.2,320349.6865,182239.291
W00009491,,oa,468,12.96,36.1,320968,182547.9835
W00009547,,oa,272,5.88,46.3,316259.3835,181029.633
W00009180,,oa,300,25.76,11.6,318742.4985,182451.4535
W00009368,,oa,310,6.67,46.5,319873.051,181856.955
W00009283,,oa,325,4.62,70.3,316669.4705,182347.6995
W00009551,,oa,249,6.32,39.4,315829.83499999996,180712.3645
W00009702,,oa,370,6.37,58.1,323362.5,180545.509
W00009524,,oa,287,6.97,41.2,316494.4005,181790.793
W00009710,,oa,319,4.72,67.6,323165.745,180512.481
W00008953,,oa,334,7.62,43.8,318966.49450000003,181043.2775
W00009538,,oa,214,10.71,20,315198.0115,181027.164
W00009354,,oa,349,8.04,43.4,320269.4395,180134.734
W00009359,,oa,260,4.9,53.1,319950.593,180239.715
W00009175,,oa,362,374.03,1,317556.15249999997,184253.077
W00009274,,oa,304,7.57,40.2,317133.65249999997,182711.9345
W00009270,,oa,303,10.78,28.1,316778.206,182991.948
W00009518,,oa,276,5.48,50.4,316338.6425,180850.8615
W00008819,,oa,272,19.2,14.2,313448.515,175078.3515
W00008838,,oa,275,4.26,64.6,313618.641,175688.674
W00008833,,oa,468,7.46,62.7,313872.6415,176145.612
W00009056,,oa,302,11.61,26,313704.5455,177097.237
W00009051,,oa,314,4.46,70.4,313779.10750000004,177313.265
W00009035,,oa,342,10.62,32.2,313561.6435,177409.1225
W00008861,,oa,384,8.18,46.9,316125.66949999996,176118.1125
W00009045,,oa,316,4.48,70.5,313746.92000000004,177597.965
W00009032,,oa,285,3.14,90.8,313269.5,177946.02250000002
W00009031,,oa,338,5.56,60.8,313817.299,178049
W00009030,,oa,304,3.88,78.4,314137.01450000005,178315.241
W00009446,,oa,390,2.86,136.4,318833.68850000005,177087.61800000002
W00009721,,oa,261,63.55,4.1,314100.007,181944.215
W00009009,,oa,327,4.13,79.2,313684.9745,176302.15350000001
W00008847,,oa,359,5.36,67,313781.248,175392.7715
W00008831,,oa,415,13.34,31.1,314327.914,176310.7135
W00008830,,oa,324,5.65,57.3,314478.52,176629.424
W00009052,,oa,225,4.62,48.7,314432,177274.78999999998
W00008881,,oa,312,3.01,103.7,316621.81,176217.44650000002
W00008890,,oa,295,3.85,76.6,315264.194,177100.826
W00009196,,oa,310,3.97,78.1,314631.53099999996,177737.8805
W00009042,,oa,273,21.46,12.7,314261.322,177840.1335
W00009187,,oa,251,5.64,44.5,315460.425,177665.5125
W00009219,,oa,297,3.43,86.6,315257.0905,178770.9665
W00009216,,oa,296,6.77,43.7,314846.7465,179034.2425
W00009228,,oa,261,10.24,25.5,314486.2705,179290.8945
W00009138,,oa,339,5.26,64.4,317442.204,180362.0125
W00008865,,oa,266,1.94,137.1,315864.754,176776.0415
W00009536,,oa,273,5.5,49.6,315827.94550000003,181475.577
W00009588,,oa,319,4.33,73.7,317279.50800000003,176539.747
W00010134,,oa,265,2.92,90.8,321071.977,178088.6005
W00010230,,oa,173,4.77,36.3,318443.753,175074.728
W00008913,,oa,450,1.93,233.2,318411.985,177295.14250000002
W00010153,,oa,155,3.69,42,318498.85699999996,176254.73599999998
W00009330,,oa,429,98.22,4.4,320893.16599999997,180476.91499999998
W00010130,,oa,207,13.09,15.8,318607.0605,176679.4135
W00010186,,oa,212,0.8,265,318966.55350000004,175300.3025
W00010194,,oa,230,3.82,60.2,319310.007,175320.0625
W00010197,,oa,206,2.95,69.8,319486.625,175185.9135
W00010160,,oa,165,0.95,173.7,318848.98600000003,174776.8245
W00010161,,oa,204,1.48,137.8,318245.8945,173535.3125
W00010143,,oa,167,0.93,179.6,318310.03500000003,173424.14500000002
W00009463,,oa,355,1.8,197.2,318884.7155,178060.82150000002
W00009448,,oa,330,3.31,99.7,318866.2085,176925.711
W00010200,,oa,254,1.26,201.6,318663.97349999996,174965.71250000002
W00010188,,oa,151,5.62,26.9,319190.65650000004,180046.599
W00010184,,oa,272,4.58,59.4,318984.9475,175491.454
W00009664,,oa,305,3.28,93,320132.5235,176911.369
W00008817,,oa,349,1.93,180.8,318872.419,175107.2645
W00008788,,oa,405,7.12,56.9,319473.9215,176821.278
W00010198,,oa,302,5.01,60.3,319019.33499999996,175076.0955
W00009331,,oa,375,4.99,75.2,320556.9365,181772.1095
W00010133,,oa,330,0.89,370.8,319622.31799999997,174723.5235
W00009611,,oa,331,7.69,43,321451.947,178866.353
W00010131,,oa,399,5.7,70,318752.796,176289.6365
W00008907,,oa,600,2.34,256.4,318258.2905,177611.60700000002
W00008903,,oa,478,2.29,208.7,318493.2965,177708.858
W00008900,,oa,527,3.81,138.3,318257.3255,177886.43
W00009434,,oa,369,3.31,111.5,318835.23600000003,177476.1085
W00009430,,oa,252,1.7,148.2,319142.33499999996,177641.5635
W00009438,,oa,239,2.04,117.2,319354.055,177487.766
W00009439,,oa,288,1.67,172.5,319128.6925,177430.88799999998
W00010181,,oa,238,1.95,122.1,319821.6315,177220.874
W00008915,,oa,462,1.8,256.7,318501.396,177283.1685
W00008910,,oa,582,2.28,255.3,318455.899,177567.27049999998
W00009387,,oa,285,8.22,34.7,320317.2465,178544.979
W00009386,,oa,243,39.71,6.1,320544.579,178639.8015
W00009301,,oa,213,6.53,32.6,322013.73250000004,180798.95400000003
W00009389,,oa,383,8.36,45.8,318903.939,178637.642
W00009407,,oa,344,5.4,63.7,320080.55850000004,177724.5415
W00009405,,oa,252,1.95,129.2,319393.44550000003,177941.19
W00009408,,oa,341,35.57,9.6,320665.221,178077.4225
W00009409,,oa,306,8.27,37,319593.9665,179403.875
W00009662,,oa,248,3.69,67.2,320059.026,176713.53999999998
W00009668,,oa,290,2.4,120.8,320303.61199999996,176952.82549999998
W00010196,,oa,178,0.52,342.3,318567.266,174930.985
W00009316,,oa,255,5.23,48.8,321467.1435,179481.027
W00009395,,oa,310,2.45,126.5,319613.981,178268.1105
W00010216,,oa,211,2.89,73,318945.1805,174828.861
W00010217,,oa,225,4.53,49.7,320947.028,181523.7475
W00009413,,oa,286,7.86,36.4,318805.46400000004,179169.4985
W00009454,,oa,445,2.82,157.8,318564.598,178247.516
W00009418,,oa,270,7.17,37.7,318736.4575,179054.2645
W00009499,,oa,273,5.68,48.1,320316.6625,182021.3075
W00008962,,oa,274,6.66,41.1,319096.204,180471.3525
W00008965,,oa,350,13.84,25.3,318629.45050000004,180294.299
W00008969,,oa,244,3.23,75.5,319053.52150000003,180050.111
W00008961,,oa,308,7.52,41,318864.3285,180544.6485
W00008807,,oa,456,14.48,31.5,318713.59849999996,174321.23200000002
W00008800,,oa,364,2.51,145,320036.184,177041.47950000002
W00008808,,oa,294,28.31,10.4,319140.8985,175923.1725
W00008947,,oa,285,11.53,24.7,319776.64749999996,180855.5245
W00008948,,oa,338,18.04,18.7,319411.795,181476.2715
W00009476,,oa,435,3.61,120.5,318856.15150000004,177677.5635
W00009472,,oa,217,1.02,212.7,319273.7925,177790.287
W00009470,,oa,269,1.78,151.1,319116.7035,177781.96
W00009471,,oa,508,3.81,133.3,318693.67949999997,177531.3145
W00009646,,oa,343,4.19,81.9,319595.684,176264.00449999998
W00009643,,oa,241,1.63,147.9,319727.1675,176427.0395
W00009648,,oa,280,6.75,41.5,320655.4815,177355.642
W00008976,,oa,332,7.28,45.6,318824.5,179531.60450000002
W00008977,,oa,349,29.72,11.7,318475.04449999996,179482.6015
W00008973,,oa,346,12.63,27.4,319181.4855,179596.131
W00008970,,oa,293,6.94,42.2,318802.55700000003,179876.62300000002
W00009109,,oa,181,3.01,60.1,318431.908,174789.9105
W00008813,,oa,283,2.54,111.4,319041.2025,175654.3915
W00009361,,oa,388,4.31,90,320299.1185,179726.0005
W00009443,,oa,358,1.84,194.6,318990.135,177443.653
W00009469,,oa,249,2.13,116.9,318869.923,177868.27850000001
W00009462,,oa,364,3.46,105.2,319197.2115,177990.13
W00009466,,oa,353,3.15,112.1,319038.13049999997,177887.3775
W00009461,,oa,302,1.68,179.8,319072.605,178139.50699999998
W00009655,,oa,288,3.59,80.2,320875.6995,177209.9495
W00009657,,oa,192,6.63,29,320577.531,177505.59600000002
W00009656,,oa,518,152.89,3.4,321301.05449999997,176503.1
W00009652,,oa,348,4.21,82.7,320934.713,177381.31650000002
W00009650,,oa,248,5.58,44.4,321396.213,177398.24099999998
W00009651,,oa,347,5.77,60.1,320844.2845,177519.21000000002
W00009659,,oa,293,4.15,70.6,320535.50049999997,177081.212
W00009658,,oa,281,4.85,57.9,320848.2585,177046.454
W00010172,,oa,367,17.76,20.7,321526.8125,177431.41100000002
W00009371,,oa,338,4.13,81.8,320277.046,181742.271
W00008921,,oa,271,2.38,113.9,318415.8365,178296.0055
W00010142,,oa,329,5.45,60.4,320195.746,178167.299
W00010127,,oa,188,96.75,1.9,319368.226,173977.5005
W00009626,,oa,302,5.51,54.8,321751.20999999996,179651.347
W00009625,,oa,260,5.67,45.9,322171.2215,179463.5855
W00009623,,oa,280,5.41,51.8,321992.10549999995,179580.0795
W00010147,,oa,246,22.99,10.7,319405.15150000004,174981.5615
W00008956,,oa,297,10.14,29.3,319282.06200000003,180863.772
W00008950,,oa,341,20.76,16.4,318774.2355,181252.5115
W00009982,,oa,1796,19.05,94.3,319013.34699999995,176390.36599999998
W00009346,,oa,376,3.98,94.5,320082.25,180500.603
W00009344,,oa,381,10.61,35.9,320014.62549999997,180659.69
W00008922,,oa,534,2.36,226.3,318281.5455,178307.21850000002
W00009343,,oa,311,5.84,53.3,320176.6185,181014.85
W00009445,,oa,214,2.92,73.3,319489.8895,177177.983
W00009447,,oa,224,2.28,98.2,319366.02249999996,177192.325
W00009444,,oa,330,1.73,190.8,319117.252,177338.109
W00009442,,oa,202,2.54,79.5,319506.1925,177366.336
W00009441,,oa,344,3.92,87.8,319078.6345,177220.878
W00009449,,oa,356,9.64,36.9,318997.4385,176904.55599999998
W00009637,,oa,321,2.4,133.8,320329.5965,176467.21899999998
W00009635,,oa,291,2.64,110.2,320053.4095,176600.0565
W00009630,,oa,355,5.95,59.7,320037.5,176361.3695
W00009639,,oa,355,3.85,92.2,320374.94550000003,176517.008
W00010159,,oa,226,10.83,20.9,320259.578,177959.8305
W00009357,,oa,329,7.55,43.6,320531.918,180189.37550000002
W00009355,,oa,289,3.37,85.8,319645.405,180093.5795
W00009352,,oa,339,4.59,73.9,320149.261,180396.67700000003
W00009350,,oa,240,2.74,87.6,319465.7825,180394.80099999998
W00009358,,oa,225,8.03,28,320192.975,180027.3245
W00009451,,oa,459,4.7,97.7,318507.78949999996,178695.33500000002
W00009459,,oa,341,12.18,28,319079.7485,178346.0235
W00008786,,oa,345,3.11,110.9,319795.08999999997,176709.54100000003
W00008784,,oa,406,3.41,119.1,319924.571,176935.2865
W00008780,,oa,247,1.93,128,320017.569,177153
W00009607,,oa,319,7.13,44.7,321728.671,179091.9605
W00009608,,oa,320,6.35,50.4,321507.6715,179049.44
W00008930,,oa,489,3.66,133.6,318417.7695,177960.28399999999
W00009321,,oa,291,3.25,89.5,322205.46900000004,181522.5485
W00008795,,oa,434,4.04,107.4,320010.034,177376.92599999998
W00009426,,oa,299,1.84,162.5,318719.97199999995,178073.397
W00009425,,oa,289,4.43,65.2,319314.26249999995,177096.913
W00009423,,oa,341,2.86,119.2,319382.233,177815.16600000003
W00008792,,oa,235,2.54,92.5,319480.234,176481.4
W00008799,,oa,376,3.43,109.6,320159.89749999996,177372.45299999998
W00008798,,oa,396,2.88,137.5,320269.65599999996,177350.4675
W00008804,,oa,353,11.45,30.8,318545.35,174315.5565
W00010149,,oa,231,7.82,29.5,317960.61950000003,173322.288
W00010138,,oa,188,1.56,120.5,318183.8515,173392.698
W00010170,,oa,219,2.65,82.6,317813.7035,173965.9925
W00010154,,oa,250,1.97,126.9,318686.49199999997,174672.148
W00010139,,oa,341,5.36,63.6,319622.854,174448.446
W00010137,,oa,470,0.71,662,318676.0115,176040.896
W00010212,,oa,105,1.48,70.9,317527.934,177777.869
W00009645,,oa,404,12.08,33.4,320153.646,176168.311
W00010178,,oa,1362,8.63,157.8,317138.25600000005,178163.10450000002
W00009181,,oa,308,274.43,1.1,319481.62549999997,183640.25
W00007425,,oa,425,1340.42,0.3,322052.74600000004,186157.725
W00010219,,oa,296,1.69,175.1,318437.728,177450.9545
W00009161,,oa,416,5.8,71.7,316361.702,180503.12
W00010208,,oa,241,15.91,15.1,318353.32200000004,176059.8875
W00009073,,oa,402,17.19,23.4,316641.757,178816.923
W00009090,,oa,370,3.79,97.6,318141.51450000005,174643.75
W00010199,,oa,264,21.3,12.4,316945.8125,181505.686
W00009126,,oa,419,19.56,21.4,316933.387,175703.597
W00010168,,oa,188,1.64,114.6,317786.41099999996,173911.8315
W00009336,,oa,268,5.66,47.3,319816.59349999996,181082.1355
W00009695,,oa,261,5.52,47.3,324225.7305,181190.80550000002
W00009147,,oa,293,4.8,61,316691.0635,179829.147
W00009144,,oa,265,5.42,48.9,316450.61100000003,179919.948
W00009145,,oa,299,3.68,81.2,316693.106,180016.38150000002
W00009436,,oa,318,1.91,166.5,319248.604,177604.9845
W00008926,,oa,381,2.37,160.8,317729.658,178171.3075
W00009159,,oa,349,5.66,61.7,316646.5135,180572.2895
W00009151,,oa,355,5.67,62.6,316702.30299999996,179591.9505
W00009305,,oa,243,4.85,50.1,322450.57550000004,180511.7875
W00010206,,oa,243,1.37,177.4,319304.767,176456.4745
W00009253,,oa,312,22.54,13.8,317632.651,181380
W00009565,,oa,412,2.87,143.6,317217.14650000003,176257.39049999998
W00009562,,oa,280,3.25,86.2,317133.435,176385.84649999999
W00009561,,oa,278,6.34,43.8,316758.5825,176268.4535
W00009667,,oa,232,1.8,128.9,320395.52749999997,176889.14549999998
W00009661,,oa,301,3.24,92.9,320272.3345,177169.293
W00010117,,oa,221,108.92,2,317907.454,177159.7735
W00009123,,oa,504,2.95,170.8,317462.36199999996,175758.7145
W00009396,,oa,366,4.14,88.4,319570.9385,178291.9025
W00010214,,oa,322,2.39,134.7,316775.7365,181228.03
W00010211,,oa,157,9.67,16.2,317607.6495,173252.3555
W00009574,,oa,382,3.51,108.8,317353.11,176028.103
W00009572,,oa,399,3.78,105.6,317830.19550000003,176015.05550000002
W00009573,,oa,334,2.29,145.9,317446.047,176081
W00009570,,oa,460,3.32,138.6,317602.0985,176054.753
W00009578,,oa,288,4.75,60.6,316689.83999999997,177465.6665
W00009136,,oa,351,1.94,180.9,317518.71849999996,175488.585
W00009135,,oa,383,2.48,154.4,317761.55350000004,175488.276
W00009132,,oa,352,2.34,150.4,317794.0555,175342.138
W00009133,,oa,311,9.72,32,317044.68799999997,175367.3495
W00008882,,oa,282,5.14,54.9,316460.32550000004,176111.6825
W00008880,,oa,393,2.94,133.7,316520.409,176247.961
W00009477,,oa,419,19.31,21.7,323255.925,181615.6195
W00009233,,oa,349,9.57,36.5,316575.0075,179084.0775
W00009543,,oa,325,5.39,60.3,316590.19499999995,181193.52850000001
W00009732,,oa,211,3.94,53.6,316436.4885,179673.082
W00009647,,oa,335,98.2,3.4,320147.25,175626.0005
W00009649,,oa,307,9.69,31.7,320938.042,177636.9595
W00008979,,oa,258,5.92,43.6,319440.0145,181969.0655
W00009105,,oa,476,2.72,175,317665.876,175084.346
W00009363,,oa,206,0.99,208.1,319969.3765,179742.14250000002
W00008899,,oa,438,2.15,203.7,317943.82999999996,177800.701
W00008818,,oa,509,8.29,61.4,318713.828,175089.338
W00009365,,oa,253,9.05,28,320222.8635,179556.27750000003
W00009369,,oa,384,6.87,55.9,320144.868,181780.8825
W00009285,,oa,337,6.75,49.9,316964.121,182274.0185
W00009284,,oa,362,7.63,47.4,317268.3225,182253.8075
W00009288,,oa,312,3.94,79.2,316683.201,182225.4975
W00009558,,oa,301,3.51,85.8,316723.3415,176640.4325
W00010224,,oa,233,1.28,182,317591.03500000003,175741.638
W00009706,,oa,335,3.78,88.6,324139.6675,180590.1265
W00009653,,oa,360,5.81,62,321162.1365,177422.6955
W00010176,,oa,389,4.83,80.5,316868.773,181118.6445
W00010173,,oa,207,87.84,2.4,317284.35349999997,174033.1485
W00009110,,oa,413,4.65,88.8,317837.5365,174869.299
W00009290,,oa,283,6.07,46.6,316687.0245,182032.40899999999
W00009521,,oa,258,8,32.2,316369.614,182160.18300000002
W00009624,,oa,404,17.42,23.2,322459.576,179437.9505
W00009629,,oa,369,2.88,128.1,320230.017,176771.6165
W00008955,,oa,331,9.05,36.6,319052.373,181045.1645
W00008958,,oa,271,11.46,23.6,319362.7735,180670.72
W00009340,,oa,350,3.02,115.9,320710.4275,181084.886
W00009082,,oa,381,7.03,54.2,317230.4515,179105.7495
W00010157,,oa,327,15.7,20.8,321673.966,182049.0765
W00008927,,oa,411,2.8,146.8,317853.77099999995,178028.776
W00008925,,oa,407,3.48,117,317923.1355,178189.0755
W00008877,,oa,344,3.29,104.6,316610.664,176459.511
W00008875,,oa,368,2.82,130.5,316361.83499999996,176436.631
W00008878,,oa,301,2.91,103.4,316275.069,176362.263
W00009083,,oa,610,10.55,57.8,317672.8985,179016.201
W00009081,,oa,303,3.27,92.7,317300.5,178542.70299999998
W00009263,,oa,468,5.78,81,317250.283,183557.02250000002
W00009500,,oa,293,4.94,59.3,319942.10699999996,182070.146
W00009582,,oa,326,3.61,90.3,316894.7595,177232.5215
W00009584,,oa,300,2.62,114.5,316415.05,177158.505
W00009583,,oa,313,3.35,93.4,316567.5265,177137.0455
W00009589,,oa,281,3,93.7,316699.966,177021.6775
W00009456,,oa,400,2.24,178.6,318654.4305,178264.0365
W00009457,,oa,371,2.79,133,318814.99950000003,178315.089
W00009452,,oa,375,2.71,138.4,318577.6645,178500.68300000002
W00009453,,oa,424,8.54,49.6,318679.136,178622.986
W00008782,,oa,343,2.79,122.9,319789.7835,176961.87099999998
W00009682,,oa,382,6.21,61.5,323213.6435,181075
W00009174,,oa,357,5.43,65.7,317053.38800000004,180160.32150000002
W00009173,,oa,288,5.17,55.7,317354.99,180180.7095
W00009179,,oa,315,16.7,18.9,318198.4255,182883.8185
W00009097,,oa,305,5.85,52.1,317460.7885,175218.83299999998
W00009096,,oa,373,3.14,118.8,317932.4895,175206.45899999997
W00009095,,oa,350,3.31,105.7,317632.92350000003,175299.842
W00009092,,oa,279,2.42,115.3,318017.869,173723.8965
W00010229,,oa,173,3.72,46.5,319188.882,178856.7685
W00010226,,oa,212,2.93,72.4,317024.5,178592.46000000002
W00010222,,oa,330,5.17,63.8,316776.75,181602.273
W00010220,,oa,260,3.44,75.6,317094.297,178416.89
W00009276,,oa,338,14.41,23.5,318060.7065,182439.6615
W00009272,,oa,305,5.36,56.9,317847.88300000003,182844.252
W00009271,,oa,248,5.08,48.8,317624.0315,182831.727
W00009278,,oa,265,5.42,48.9,316650.64249999996,182516.93050000002
W00009596,,oa,285,2.47,115.4,317173.643,176671.193
W00009595,,oa,419,5.94,70.5,317241.79099999997,176690.02049999998
W00009593,,oa,249,2.35,106,316912.1,176863.1295
W00009592,,oa,317,19.72,16.1,317368.15150000004,176975.072
W00009590,,oa,286,3.45,82.9,317021,176970.6225
W00008793,,oa,410,6.55,62.6,319211.114,176305.49349999998
W00010210,,oa,132,197.29,0.7,320840.70550000004,170171.3125
W00009067,,oa,309,6.52,47.4,313887.9035,178316.142
W00009066,,oa,302,12.99,23.2,313234.31299999997,178405.56449999998
W00009063,,oa,239,7.64,31.3,313429.1455,178635.05550000002
W00009064,,oa,320,4.87,65.7,313876.3955,178402.72350000002
W00009060,,oa,304,20.57,14.8,313490.177,178921.14750000002
W00009065,,oa,333,6.44,51.7,313955.1315,178147.2225
W00009061,,oa,271,6.71,40.4,314051.5565,178633.8935
W00009068,,oa,252,6.11,41.2,314192.515,178184.33299999998
W00008827,,oa,363,6.98,52,312293.298,175155.2585
W00008826,,oa,385,7.78,49.5,312646.07149999996,175021.06650000002
W00009069,,oa,331,4.28,77.3,313118.7405,178201.0325
W00008822,,oa,298,3.58,83.2,314389.8835,176524.186
W00008825,,oa,300,8.27,36.3,313409.65599999996,175793.2355
W00008823,,oa,356,6.21,57.3,313776.49,175953.5635
W00008821,,oa,522,16.74,31.2,312288.457,174928.97950000002
W00008828,,oa,295,8.64,34.1,313046.153,174822.3985
W00008829,,oa,344,39.17,8.8,314986.586,176332.104
W00009385,,oa,344,12.11,28.4,311880.402,183522.8985
W00005992,,oa,407,1533.5,0.3,310961.67350000003,171845.64299999998
W00005765,,oa,309,823.04,0.4,314624.11600000004,173765.6015
W00009854,,oa,288,40.02,7.2,312331.7975,174390.93550000002
W00005995,,oa,266,5.74,46.3,312051.858,173196.1255
W00005994,,oa,293,40.01,7.3,311840.292,172839.0515
W00005990,,oa,318,120.24,2.6,312276.6975,173635.64549999998
W00005882,,oa,417,739.48,0.6,310169.1555,176797.0515
W00009046,,oa,257,5.89,43.6,313890.7605,177727.359
W00009047,,oa,266,2.98,89.3,313262.118,177495.484
W00009044,,oa,184,2.56,71.9,313442.9695,177573.086
W00008995,,oa,350,4.21,83.1,313470.4755,176713.7035
W00008992,,oa,342,11.28,30.3,313432.0775,177003.41749999998
W00008820,,oa,514,15.39,33.4,313179.507,175032.7625
W00008836,,oa,250,2.66,94,314101.182,175995.175
W00009072,,oa,262,6.25,41.9,312835.4135,178020.21649999998
W00009070,,oa,315,4.56,69.1,313335.8785,178134.2005
W00009071,,oa,261,3.62,72.1,313534.52599999995,178085.0415
W00008837,,oa,366,5.89,62.1,313838.68,175775.215
W00008834,,oa,266,3.21,82.9,313891.24199999997,175936.9945
W00008844,,oa,309,6.09,50.7,312806.19,175489.0855
W00009011,,oa,308,6.3,48.9,313033.60250000004,176265.945
W00010192,,oa,305,23.42,13,313682.30350000004,179748.2875
W00008987,,oa,314,5.52,56.9,312666.0635,175577.414
W00008986,,oa,355,7.63,46.5,312798.2255,176503.8355
W00008985,,oa,400,5.48,73,312958.51399999997,176743.298
W00008989,,oa,354,5.78,61.2,311895.342,175389.739
W00008984,,oa,364,12.76,28.5,311414.59900000005,175638.66499999998
W00008983,,oa,287,5.46,52.6,311748.323,175914.253
W00008982,,oa,284,4.53,62.7,313281.7855,175952.5785
W00008981,,oa,355,4.34,81.8,313433.64,176186.2035
W00008988,,oa,238,26.58,9,312233.1625,175421.56
W00008852,,oa,239,7.19,33.2,313125.957,175483.9015
W00008850,,oa,367,10.09,36.4,312851.7035,175069.3865
W00008851,,oa,328,4.77,68.8,313178.3905,175289.869
W00009740,,oa,456,92.98,4.9,313732.13049999997,180986.962
W00010182,,oa,346,16.81,20.6,313515.864,180101.947
W00010185,,oa,295,24.88,11.9,313946.3905,180156.7875
W00008997,,oa,314,6.75,46.5,313218.4035,176745.9945
W00008996,,oa,275,4.17,65.9,314072.6685,176728.74
W00008991,,oa,340,12.51,27.2,311753.281,175038.2495
W00008990,,oa,297,10.2,29.1,311647.3585,175387.06699999998
W00008999,,oa,358,10.94,32.7,312709.22849999997,176686.46
W00009751,,oa,463,36.34,12.7,314102.877,180424.1145
W00009129,,oa,374,3.38,110.7,317673.815,175636.2565
W00008835,,oa,379,4.86,78,314185.8095,175895.9145
W00008832,,oa,278,9.96,27.9,314619.899,176286.5005
W00006526,,oa,341,10.03,34,312739.32149999996,183448.293
W00009723,,oa,285,6.93,41.1,314442,179820.2595
W00009672,,oa,313,4.08,76.7,323770.7645,180509.5075
W00009041,,oa,261,5.51,47.4,313609.391,177846.16249999998
W00009048,,oa,321,5.92,54.2,313928.2355,177361.445
W00009049,,oa,331,7.18,46.1,313068.22900000005,177386.2195
W00008946,,oa,447,14.18,31.5,312196.56499999994,176312.278
W00009235,,oa,285,17.26,16.5,314937.32050000003,178714.517
W00009238,,oa,332,6.11,54.3,315275.966,178952.6875
W00009546,,oa,244,7.6,32.1,316123.4975,181328.48700000002
W00010163,,oa,370,24.69,15,312217.7795,181787.278
W00009104,,oa,401,3.64,110.2,317546.2325,175039.474
W00009102,,oa,273,6.5,42,317165.79850000003,175043.2355
W00009057,,oa,317,7.75,40.9,314259.7885,177040.8605
W00009050,,oa,286,6.32,45.3,313328.2385,177217.52899999998
W00009059,,oa,300,18.19,16.5,313086.7175,178629.2005
W00008891,,oa,218,2.8,77.9,315722.2025,177157.7595
W00009206,,oa,322,8.49,37.9,313587.56649999996,179297.759
W00009208,,oa,360,7.65,47.1,313841.3575,178951.543
W00009209,,oa,258,7.46,34.6,314082.5415,178977.0845
W00009193,,oa,223,18.76,11.9,315784.7955,178010.899
W00009191,,oa,502,18.46,27.2,314404.4875,178977.3025
W00009027,,oa,330,4.18,78.9,312706.586,175770.09999999998
W00009020,,oa,275,4.77,57.7,312787.98549999995,176013.139
W00009029,,oa,269,6.24,43.1,313716.968,178417.285
W00009373,,oa,363,3.98,91.2,320286.579,181541.89
W00009212,,oa,226,4.03,56.1,314304.838,178665.0795
W00009529,,oa,324,38.15,8.5,314874.70149999997,182356.24800000002
W00009717,,oa,303,24.21,12.5,312990.168,182382.664
W00009718,,oa,327,28.69,11.4,313466.506,181823.38400000002
W00010144,,oa,322,689.88,0.5,311261.906,178674.0855
W00009347,,oa,246,2.77,88.8,320540.631,180522.9605
W00009036,,oa,338,7.72,43.8,313391.20550000004,177828.7135
W00009037,,oa,282,4.87,57.9,313732.45550000004,177910.90899999999
W00009034,,oa,346,8.57,40.4,314229.436,177522.2895
W00009038,,oa,238,5.23,45.5,313156.833,178027.58299999998
W00009039,,oa,293,4.46,65.7,312707.5725,178080.69900000002
W00009345,,oa,370,5.86,63.1,320362.489,180432.419
W00009007,,oa,237,4.37,54.2,313841.483,176410.2515
W00009004,,oa,309,5.16,59.9,313933.33050000004,176608.1445
W00009005,,oa,379,4.48,84.6,313013.30449999997,176483.2135
W00009002,,oa,379,6.16,61.5,313562,176536.5
W00009003,,oa,351,5.7,61.6,313447.3495,176468.722
W00009001,,oa,345,7.88,43.8,313840.67949999997,176802.446
W00009008,,oa,317,4.57,69.4,313131.58499999996,176456.374
W00009506,,oa,309,8.18,37.8,312542.095,181125.16700000002
W00009769,,oa,234,5.8,40.3,315697.001,179673.56050000002
W00008843,,oa,324,7.71,42,313945.545,175571.6655
W00008842,,oa,357,6.71,53.2,312999.08550000004,175627.0885
W00008840,,oa,333,12.59,26.4,314329.7525,175628.448
W00008841,,oa,294,4.18,70.3,313415.8915,175653.34350000002
W00009016,,oa,247,2.9,85.2,312603.45849999995,176048.26799999998
W00009017,,oa,266,6.44,41.3,312163.1725,175953.20299999998
W00009015,,oa,332,16.57,20,311401.2695,175984.3455
W00009013,,oa,333,4.93,67.5,313661.74199999997,176140.776
W00009010,,oa,344,4.38,78.5,312783.2975,176170.8725
W00009018,,oa,270,3.71,72.8,313222.8155,176093.46
W00009511,,oa,327,12.17,26.9,313061.8545,180336.83649999998
W00008994,,oa,265,4.03,65.8,314139.359,176636.55849999998
W00008998,,oa,311,4.89,63.6,314386.791,176744.8205
W00008993,,oa,346,7.72,44.8,314215.58400000003,176933.39049999998
W00008853,,oa,331,3.53,93.8,315256.38800000004,176840.82
W00008854,,oa,296,4.5,65.8,315014.54500000004,176970.495
W00010209,,oa,343,42.39,8.1,315424.0895,176375.858
W00008858,,oa,261,8.4,31.1,315384.5955,176911
W00008857,,oa,264,2.02,130.7,315879.9175,176896.4345
W00009194,,oa,300,14.72,20.4,314612.605,178026.1435
W00010231,,oa,264,8.54,30.9,314569.44499999995,178473.5
W00010187,,oa,435,12.06,36.1,314861.819,178302.24
W00009213,,oa,295,10.27,28.7,314758.6125,178544.6785
W00009210,,oa,231,2.78,83.1,314297.1705,178925.55349999998
W00009240,,oa,335,10.52,31.8,315597.372,178624.519
W00009079,,oa,473,9.14,51.8,317051.2955,178740.58250000002
W00009742,,oa,297,5.13,57.9,314766.25450000004,181101
W00009741,,oa,364,8.46,43,314542.9275,181192.45500000002
W00009614,,oa,304,17.31,17.6,321291.94299999997,178533.7695
W00009696,,oa,307,4.82,63.7,324415.0165,181066.231
W00009062,,oa,254,5.46,46.5,314267.6665,178366.38549999997
W00008824,,oa,463,29.89,15.5,314666.615,175927.576
W00009752,,oa,179,11.9,15,314590.151,180617.19050000003
W00009753,,oa,238,4.22,56.4,315401.70149999997,180394.6745
W00009221,,oa,334,5.58,59.9,316192.978,178705.49349999998
W00008886,,oa,356,6.35,56.1,315514.277,177260.429
W00008809,,oa,333,46.96,7.1,318418.85,175519.956
W00009239,,oa,328,3.87,84.8,316110.84349999996,178779.4765
W00009544,,oa,278,5.41,51.4,316477.767,181060.35950000002
W00009738,,oa,285,4.96,57.5,316114.048,179320.3985
W00009739,,oa,335,8.6,39,314383.476,181352.9345
W00009054,,oa,354,4.85,73,314198.269,177282.2935
W00009055,,oa,352,10.3,34.2,314501.5235,177322.87699999998
W00009053,,oa,212,3.1,68.4,314482.15650000004,177124.8505
W00009058,,oa,251,6.28,40,314632.49950000003,177065.68099999998
W00008895,,oa,266,4.23,62.9,316111.797,176971.56949999998
W00008892,,oa,301,8.14,37,315435.968,177152.6755
W00009202,,oa,269,3.33,80.8,314686.6625,177478.9535
W00009207,,oa,254,4.7,54,314403.79500000004,178929.065
W00009200,,oa,313,6.87,45.6,315199.2875,177759.01
W00009280,,oa,323,11.89,27.2,317756.3955,182344.42450000002
W00009707,,oa,288,3.27,88.1,323681.294,180667.1875
W00009465,,oa,420,2.38,176.5,318712.5145,177906.05
W00009708,,oa,321,4.68,68.6,323901.11600000004,180559.4105
W00009192,,oa,237,7.3,32.5,315387.1675,178186.516
W00009211,,oa,286,3.77,75.9,314165.5015,178740.23599999998
W00009520,,oa,285,7.15,39.9,315489.50450000004,182085.73450000002
W00008868,,oa,291,3.12,93.3,315925.61600000004,176631.4385
W00009531,,oa,266,22.59,11.8,314661.57050000003,181469.217
W00009634,,oa,295,3.32,88.9,320458.7025,176702.59149999998
W00009165,,oa,261,4.72,55.3,316075.29,180537.25449999998
W00009168,,oa,249,6.55,38,315922.42850000004,180389.313
W00008874,,oa,366,3.28,111.6,316136.777,176466.9045
W00009768,,oa,276,4,69,315530.091,179786.03
W00008933,,oa,357,2.06,173.3,317956.137,177979.425
W00009099,,oa,310,4.28,72.4,318205.2675,174959.15600000002
W00009320,,oa,305,3.96,77,322409.5,181614.28399999999
W00009275,,oa,263,7.83,33.6,317637.924,182598.9725
W00009273,,oa,251,5.79,43.4,317153.67449999996,182900.342
W00009519,,oa,240,3.9,61.5,315765.748,182039.057
W00008790,,oa,235,1.66,141.6,319344.72250000003,176509.1485
W00008607,,oa,422,1039.85,0.4,327037.3645,181138.44449999998
W00008605,,oa,296,663.56,0.4,324377.4535,184327.44650000002
W00009694,,oa,253,4.27,59.3,323066.8495,181184.75449999998
W00009715,,oa,329,5.93,55.5,322912.62049999996,179825.93349999998
W00009698,,oa,282,5.8,48.6,324396.7885,180913.8805
W00009692,,oa,384,8.11,47.3,324471.79099999997,181346.5565
W00010183,,oa,294,70.56,4.2,324335.07200000004,179931.04950000002
W00009669,,oa,452,5.77,78.3,323858.101,180837.9585
W00009677,,oa,313,5.15,60.8,324353.5775,181662.546
W00009671,,oa,296,3.59,82.5,324123.7265,180677.01549999998
W00009679,,oa,373,5.4,69.1,324410.017,181503.9385
W00009705,,oa,284,5.83,48.7,324524.2295,180737.505
W00009703,,oa,242,3.32,72.9,324094.091,180919.69900000002
W00009701,,oa,207,4.95,41.8,323023.8375,180642.7405
W00009714,,oa,273,7.99,34.2,323083.586,180069.5975
W00009681,,oa,313,3.29,95.1,323077.0335,180988.059
W00009523,,oa,614,294.57,2.1,315558.047,183356.4475
W00009375,,oa,429,95.64,4.5,311308.50899999996,183743.306
W00009761,,oa,287,4.98,57.6,314613.65650000004,180004.402
W00009605,,oa,331,8.38,39.5,322230.234,179063.18550000002
W00009328,,oa,352,12.15,29,322704.703,181379.19449999998
W00009087,,oa,374,2.65,141.1,317650.414,178851.8775
W00009089,,oa,342,2.81,121.7,317821.06799999997,178825.85950000002
W00009384,,oa,305,269,1.1,311085.843,181762.2505
W00006518,,oa,302,8.52,35.4,312191.46550000005,183384.202
W00006524,,oa,318,13.07,24.3,311964.7435,183804.6335
W00008959,,oa,279,13.07,21.3,318352.28449999995,180532.70150000002
W00009260,,oa,306,9.1,33.6,317763.517,181121.8965
W00009719,,oa,356,130.26,2.7,314204.39650000003,182708.2035
W00009349,,oa,310,6.15,50.4,319784,180548.9815
W00009265,,oa,266,3.42,77.8,317654.65150000004,183316.4185
W00009712,,oa,285,4.14,68.8,323316.1975,180259.293
W00009183,,oa,457,12.94,35.3,318101.90650000004,183206.35
W00009688,,oa,330,164.92,2,325172.588,180975.974
W00009176,,oa,388,17.67,22,317936.31350000005,183488.78149999998
W00009177,,oa,324,13.77,23.5,318901.564,183262.72950000002
